<annotation>
	<folder></folder>
	<filename>0286_jpg.rf.d86f9cadd5dcbce4c7a93f187c1f90e9.jpg</filename>
	<path>0286_jpg.rf.d86f9cadd5dcbce4c7a93f187c1f90e9.jpg</path>
	<source>
		<database>roboflow.ai</database>
	</source>
	<size>
		<width>416</width>
		<height>416</height>
		<depth>3</depth>
	</size>
	<segmented>0</segmented>
	<object>
		<name>Yellowstone</name>
		<pose>Unspecified</pose>
		<truncated>0</truncated>
		<difficult>0</difficult>
		<occluded>0</occluded>
		<bndbox>
			<xmin>127</xmin>
			<xmax>155</xmax>
			<ymin>276</ymin>
			<ymax>316</ymax>
		</bndbox>
	</object>
	<object>
		<name>Turquoisestone</name>
		<pose>Unspecified</pose>
		<truncated>0</truncated>
		<difficult>0</difficult>
		<occluded>0</occluded>
		<bndbox>
			<xmin>209</xmin>
			<xmax>233</xmax>
			<ymin>266</ymin>
			<ymax>301</ymax>
		</bndbox>
	</object>
	<object>
		<name>Brownstone</name>
		<pose>Unspecified</pose>
		<truncated>0</truncated>
		<difficult>0</difficult>
		<occluded>0</occluded>
		<bndbox>
			<xmin>188</xmin>
			<xmax>209</xmax>
			<ymin>240</ymin>
			<ymax>265</ymax>
		</bndbox>
	</object>
	<object>
		<name>Bluestone</name>
		<pose>Unspecified</pose>
		<truncated>0</truncated>
		<difficult>0</difficult>
		<occluded>0</occluded>
		<bndbox>
			<xmin>140</xmin>
			<xmax>175</xmax>
			<ymin>219</ymin>
			<ymax>265</ymax>
		</bndbox>
	</object>
</annotation>
