<annotation>
	<folder></folder>
	<filename>0304_jpg.rf.2e7f2ba74da4606bff06bf6dc828a6fc.jpg</filename>
	<path>0304_jpg.rf.2e7f2ba74da4606bff06bf6dc828a6fc.jpg</path>
	<source>
		<database>roboflow.ai</database>
	</source>
	<size>
		<width>416</width>
		<height>416</height>
		<depth>3</depth>
	</size>
	<segmented>0</segmented>
	<object>
		<name>Yellowstone</name>
		<pose>Unspecified</pose>
		<truncated>0</truncated>
		<difficult>0</difficult>
		<occluded>0</occluded>
		<bndbox>
			<xmin>196</xmin>
			<xmax>244</xmax>
			<ymin>305</ymin>
			<ymax>359</ymax>
		</bndbox>
	</object>
	<object>
		<name>Turquoisestone</name>
		<pose>Unspecified</pose>
		<truncated>0</truncated>
		<difficult>0</difficult>
		<occluded>0</occluded>
		<bndbox>
			<xmin>248</xmin>
			<xmax>284</xmax>
			<ymin>228</ymin>
			<ymax>267</ymax>
		</bndbox>
	</object>
	<object>
		<name>Brownstone</name>
		<pose>Unspecified</pose>
		<truncated>0</truncated>
		<difficult>0</difficult>
		<occluded>0</occluded>
		<bndbox>
			<xmin>196</xmin>
			<xmax>240</xmax>
			<ymin>222</ymin>
			<ymax>270</ymax>
		</bndbox>
	</object>
	<object>
		<name>Bluestone</name>
		<pose>Unspecified</pose>
		<truncated>0</truncated>
		<difficult>0</difficult>
		<occluded>0</occluded>
		<bndbox>
			<xmin>159</xmin>
			<xmax>199</xmax>
			<ymin>250</ymin>
			<ymax>294</ymax>
		</bndbox>
	</object>
</annotation>
