<annotation>
	<folder></folder>
	<filename>0332_jpg.rf.f953c93a5b9006cbdc93a18f5a6f54b5.jpg</filename>
	<path>0332_jpg.rf.f953c93a5b9006cbdc93a18f5a6f54b5.jpg</path>
	<source>
		<database>roboflow.ai</database>
	</source>
	<size>
		<width>416</width>
		<height>416</height>
		<depth>3</depth>
	</size>
	<segmented>0</segmented>
	<object>
		<name>Yellowstone</name>
		<pose>Unspecified</pose>
		<truncated>0</truncated>
		<difficult>0</difficult>
		<occluded>0</occluded>
		<bndbox>
			<xmin>50</xmin>
			<xmax>92</xmax>
			<ymin>245</ymin>
			<ymax>300</ymax>
		</bndbox>
	</object>
	<object>
		<name>Turquoisestone</name>
		<pose>Unspecified</pose>
		<truncated>0</truncated>
		<difficult>0</difficult>
		<occluded>0</occluded>
		<bndbox>
			<xmin>169</xmin>
			<xmax>218</xmax>
			<ymin>244</ymin>
			<ymax>306</ymax>
		</bndbox>
	</object>
	<object>
		<name>Brownstone</name>
		<pose>Unspecified</pose>
		<truncated>0</truncated>
		<difficult>0</difficult>
		<occluded>0</occluded>
		<bndbox>
			<xmin>146</xmin>
			<xmax>190</xmax>
			<ymin>197</ymin>
			<ymax>252</ymax>
		</bndbox>
	</object>
	<object>
		<name>Bluestone</name>
		<pose>Unspecified</pose>
		<truncated>0</truncated>
		<difficult>0</difficult>
		<occluded>0</occluded>
		<bndbox>
			<xmin>90</xmin>
			<xmax>130</xmax>
			<ymin>170</ymin>
			<ymax>218</ymax>
		</bndbox>
	</object>
</annotation>
