<annotation>
	<folder></folder>
	<filename>0332_jpg.rf.dc5a0855c3f60293dc6f8f04bf90b546.jpg</filename>
	<path>0332_jpg.rf.dc5a0855c3f60293dc6f8f04bf90b546.jpg</path>
	<source>
		<database>roboflow.ai</database>
	</source>
	<size>
		<width>416</width>
		<height>416</height>
		<depth>3</depth>
	</size>
	<segmented>0</segmented>
	<object>
		<name>Yellowstone</name>
		<pose>Unspecified</pose>
		<truncated>0</truncated>
		<difficult>0</difficult>
		<occluded>0</occluded>
		<bndbox>
			<xmin>316</xmin>
			<xmax>370</xmax>
			<ymin>252</ymin>
			<ymax>288</ymax>
		</bndbox>
	</object>
	<object>
		<name>Turquoisestone</name>
		<pose>Unspecified</pose>
		<truncated>0</truncated>
		<difficult>0</difficult>
		<occluded>0</occluded>
		<bndbox>
			<xmin>229</xmin>
			<xmax>291</xmax>
			<ymin>156</ymin>
			<ymax>200</ymax>
		</bndbox>
	</object>
	<object>
		<name>Brownstone</name>
		<pose>Unspecified</pose>
		<truncated>0</truncated>
		<difficult>0</difficult>
		<occluded>0</occluded>
		<bndbox>
			<xmin>214</xmin>
			<xmax>268</xmax>
			<ymin>212</ymin>
			<ymax>251</ymax>
		</bndbox>
	</object>
	<object>
		<name>Bluestone</name>
		<pose>Unspecified</pose>
		<truncated>0</truncated>
		<difficult>0</difficult>
		<occluded>0</occluded>
		<bndbox>
			<xmin>235</xmin>
			<xmax>282</xmax>
			<ymin>278</ymin>
			<ymax>313</ymax>
		</bndbox>
	</object>
</annotation>
