<annotation>
	<folder></folder>
	<filename>0345_jpg.rf.00fbc1b9b6ba2920fd0556f7e8643137.jpg</filename>
	<path>0345_jpg.rf.00fbc1b9b6ba2920fd0556f7e8643137.jpg</path>
	<source>
		<database>roboflow.ai</database>
	</source>
	<size>
		<width>416</width>
		<height>416</height>
		<depth>3</depth>
	</size>
	<segmented>0</segmented>
	<object>
		<name>Turquoisestone</name>
		<pose>Unspecified</pose>
		<truncated>0</truncated>
		<difficult>0</difficult>
		<occluded>0</occluded>
		<bndbox>
			<xmin>56</xmin>
			<xmax>123</xmax>
			<ymin>225</ymin>
			<ymax>275</ymax>
		</bndbox>
	</object>
	<object>
		<name>Bluestone</name>
		<pose>Unspecified</pose>
		<truncated>0</truncated>
		<difficult>0</difficult>
		<occluded>0</occluded>
		<bndbox>
			<xmin>141</xmin>
			<xmax>208</xmax>
			<ymin>302</ymin>
			<ymax>359</ymax>
		</bndbox>
	</object>
	<object>
		<name>Brownstone</name>
		<pose>Unspecified</pose>
		<truncated>0</truncated>
		<difficult>0</difficult>
		<occluded>0</occluded>
		<bndbox>
			<xmin>118</xmin>
			<xmax>173</xmax>
			<ymin>250</ymin>
			<ymax>295</ymax>
		</bndbox>
	</object>
	<object>
		<name>Yellowstone</name>
		<pose>Unspecified</pose>
		<truncated>0</truncated>
		<difficult>0</difficult>
		<occluded>0</occluded>
		<bndbox>
			<xmin>65</xmin>
			<xmax>113</xmax>
			<ymin>356</ymin>
			<ymax>398</ymax>
		</bndbox>
	</object>
</annotation>
