<annotation>
	<folder></folder>
	<filename>0354_jpg.rf.b5c5c74ca4b76a912f1a61e1e6d1b4c3.jpg</filename>
	<path>0354_jpg.rf.b5c5c74ca4b76a912f1a61e1e6d1b4c3.jpg</path>
	<source>
		<database>roboflow.ai</database>
	</source>
	<size>
		<width>416</width>
		<height>416</height>
		<depth>3</depth>
	</size>
	<segmented>0</segmented>
	<object>
		<name>Turquoisestone</name>
		<pose>Unspecified</pose>
		<truncated>0</truncated>
		<difficult>0</difficult>
		<occluded>0</occluded>
		<bndbox>
			<xmin>81</xmin>
			<xmax>144</xmax>
			<ymin>92</ymin>
			<ymax>160</ymax>
		</bndbox>
	</object>
	<object>
		<name>Bluestone</name>
		<pose>Unspecified</pose>
		<truncated>0</truncated>
		<difficult>0</difficult>
		<occluded>0</occluded>
		<bndbox>
			<xmin>192</xmin>
			<xmax>243</xmax>
			<ymin>58</ymin>
			<ymax>111</ymax>
		</bndbox>
	</object>
	<object>
		<name>Brownstone</name>
		<pose>Unspecified</pose>
		<truncated>0</truncated>
		<difficult>0</difficult>
		<occluded>0</occluded>
		<bndbox>
			<xmin>145</xmin>
			<xmax>202</xmax>
			<ymin>97</ymin>
			<ymax>158</ymax>
		</bndbox>
	</object>
	<object>
		<name>Yellowstone</name>
		<pose>Unspecified</pose>
		<truncated>0</truncated>
		<difficult>0</difficult>
		<occluded>0</occluded>
		<bndbox>
			<xmin>144</xmin>
			<xmax>190</xmax>
			<ymin>1</ymin>
			<ymax>41</ymax>
		</bndbox>
	</object>
</annotation>
