<annotation>
	<folder></folder>
	<filename>0358_jpg.rf.19a3af61ebf9cbb6a176fa8e20c814b4.jpg</filename>
	<path>0358_jpg.rf.19a3af61ebf9cbb6a176fa8e20c814b4.jpg</path>
	<source>
		<database>roboflow.ai</database>
	</source>
	<size>
		<width>416</width>
		<height>416</height>
		<depth>3</depth>
	</size>
	<segmented>0</segmented>
	<object>
		<name>Turquoisestone</name>
		<pose>Unspecified</pose>
		<truncated>0</truncated>
		<difficult>0</difficult>
		<occluded>0</occluded>
		<bndbox>
			<xmin>287</xmin>
			<xmax>338</xmax>
			<ymin>265</ymin>
			<ymax>318</ymax>
		</bndbox>
	</object>
	<object>
		<name>Brownstone</name>
		<pose>Unspecified</pose>
		<truncated>0</truncated>
		<difficult>0</difficult>
		<occluded>0</occluded>
		<bndbox>
			<xmin>232</xmin>
			<xmax>282</xmax>
			<ymin>271</ymin>
			<ymax>323</ymax>
		</bndbox>
	</object>
	<object>
		<name>Bluestone</name>
		<pose>Unspecified</pose>
		<truncated>0</truncated>
		<difficult>0</difficult>
		<occluded>0</occluded>
		<bndbox>
			<xmin>179</xmin>
			<xmax>230</xmax>
			<ymin>313</ymin>
			<ymax>366</ymax>
		</bndbox>
	</object>
	<object>
		<name>Yellowstone</name>
		<pose>Unspecified</pose>
		<truncated>0</truncated>
		<difficult>0</difficult>
		<occluded>0</occluded>
		<bndbox>
			<xmin>234</xmin>
			<xmax>290</xmax>
			<ymin>377</ymin>
			<ymax>416</ymax>
		</bndbox>
	</object>
</annotation>
