<annotation>
	<folder></folder>
	<filename>0366_jpg.rf.7f4af84fbe42077b6434f685150346e6.jpg</filename>
	<path>0366_jpg.rf.7f4af84fbe42077b6434f685150346e6.jpg</path>
	<source>
		<database>roboflow.ai</database>
	</source>
	<size>
		<width>416</width>
		<height>416</height>
		<depth>3</depth>
	</size>
	<segmented>0</segmented>
	<object>
		<name>Brownstone</name>
		<pose>Unspecified</pose>
		<truncated>0</truncated>
		<difficult>0</difficult>
		<occluded>0</occluded>
		<bndbox>
			<xmin>98</xmin>
			<xmax>145</xmax>
			<ymin>251</ymin>
			<ymax>301</ymax>
		</bndbox>
	</object>
	<object>
		<name>Bluestone</name>
		<pose>Unspecified</pose>
		<truncated>0</truncated>
		<difficult>0</difficult>
		<occluded>0</occluded>
		<bndbox>
			<xmin>49</xmin>
			<xmax>104</xmax>
			<ymin>200</ymin>
			<ymax>260</ymax>
		</bndbox>
	</object>
	<object>
		<name>Turquoisestone</name>
		<pose>Unspecified</pose>
		<truncated>0</truncated>
		<difficult>0</difficult>
		<occluded>0</occluded>
		<bndbox>
			<xmin>117</xmin>
			<xmax>157</xmax>
			<ymin>309</ymin>
			<ymax>351</ymax>
		</bndbox>
	</object>
</annotation>
