<annotation>
	<folder></folder>
	<filename>0367_jpg.rf.3f6514121e5b7b8ca7e1be91629bc183.jpg</filename>
	<path>0367_jpg.rf.3f6514121e5b7b8ca7e1be91629bc183.jpg</path>
	<source>
		<database>roboflow.ai</database>
	</source>
	<size>
		<width>416</width>
		<height>416</height>
		<depth>3</depth>
	</size>
	<segmented>0</segmented>
	<object>
		<name>Brownstone</name>
		<pose>Unspecified</pose>
		<truncated>0</truncated>
		<difficult>0</difficult>
		<occluded>0</occluded>
		<bndbox>
			<xmin>78</xmin>
			<xmax>139</xmax>
			<ymin>158</ymin>
			<ymax>210</ymax>
		</bndbox>
	</object>
	<object>
		<name>Bluestone</name>
		<pose>Unspecified</pose>
		<truncated>0</truncated>
		<difficult>0</difficult>
		<occluded>0</occluded>
		<bndbox>
			<xmin>54</xmin>
			<xmax>106</xmax>
			<ymin>219</ymin>
			<ymax>264</ymax>
		</bndbox>
	</object>
	<object>
		<name>Turquoisestone</name>
		<pose>Unspecified</pose>
		<truncated>0</truncated>
		<difficult>0</difficult>
		<occluded>0</occluded>
		<bndbox>
			<xmin>77</xmin>
			<xmax>123</xmax>
			<ymin>106</ymin>
			<ymax>143</ymax>
		</bndbox>
	</object>
</annotation>
