<annotation>
	<folder></folder>
	<filename>0367_jpg.rf.8b2dfdc625bbce9aa1dc5d1f495aa703.jpg</filename>
	<path>0367_jpg.rf.8b2dfdc625bbce9aa1dc5d1f495aa703.jpg</path>
	<source>
		<database>roboflow.ai</database>
	</source>
	<size>
		<width>416</width>
		<height>416</height>
		<depth>3</depth>
	</size>
	<segmented>0</segmented>
	<object>
		<name>Brownstone</name>
		<pose>Unspecified</pose>
		<truncated>0</truncated>
		<difficult>0</difficult>
		<occluded>0</occluded>
		<bndbox>
			<xmin>281</xmin>
			<xmax>340</xmax>
			<ymin>169</ymin>
			<ymax>216</ymax>
		</bndbox>
	</object>
	<object>
		<name>Bluestone</name>
		<pose>Unspecified</pose>
		<truncated>0</truncated>
		<difficult>0</difficult>
		<occluded>0</occluded>
		<bndbox>
			<xmin>307</xmin>
			<xmax>358</xmax>
			<ymin>230</ymin>
			<ymax>271</ymax>
		</bndbox>
	</object>
	<object>
		<name>Turquoisestone</name>
		<pose>Unspecified</pose>
		<truncated>0</truncated>
		<difficult>0</difficult>
		<occluded>0</occluded>
		<bndbox>
			<xmin>301</xmin>
			<xmax>347</xmax>
			<ymin>117</ymin>
			<ymax>151</ymax>
		</bndbox>
	</object>
</annotation>
