<annotation>
	<folder></folder>
	<filename>0380_jpg.rf.6770f2bdd4b0f7f1982b5cfa95e50cc5.jpg</filename>
	<path>0380_jpg.rf.6770f2bdd4b0f7f1982b5cfa95e50cc5.jpg</path>
	<source>
		<database>roboflow.ai</database>
	</source>
	<size>
		<width>416</width>
		<height>416</height>
		<depth>3</depth>
	</size>
	<segmented>0</segmented>
	<object>
		<name>Turquoisestone</name>
		<pose>Unspecified</pose>
		<truncated>0</truncated>
		<difficult>0</difficult>
		<occluded>0</occluded>
		<bndbox>
			<xmin>86</xmin>
			<xmax>128</xmax>
			<ymin>112</ymin>
			<ymax>150</ymax>
		</bndbox>
	</object>
	<object>
		<name>Brownstone</name>
		<pose>Unspecified</pose>
		<truncated>0</truncated>
		<difficult>0</difficult>
		<occluded>0</occluded>
		<bndbox>
			<xmin>81</xmin>
			<xmax>135</xmax>
			<ymin>164</ymin>
			<ymax>212</ymax>
		</bndbox>
	</object>
	<object>
		<name>Bluestone</name>
		<pose>Unspecified</pose>
		<truncated>0</truncated>
		<difficult>0</difficult>
		<occluded>0</occluded>
		<bndbox>
			<xmin>48</xmin>
			<xmax>100</xmax>
			<ymin>220</ymin>
			<ymax>266</ymax>
		</bndbox>
	</object>
</annotation>
