<annotation>
	<folder></folder>
	<filename>0381_jpg.rf.6d40cc53a5f7130d9dde1b8727f8d98f.jpg</filename>
	<path>0381_jpg.rf.6d40cc53a5f7130d9dde1b8727f8d98f.jpg</path>
	<source>
		<database>roboflow.ai</database>
	</source>
	<size>
		<width>416</width>
		<height>416</height>
		<depth>3</depth>
	</size>
	<segmented>0</segmented>
	<object>
		<name>Turquoisestone</name>
		<pose>Unspecified</pose>
		<truncated>0</truncated>
		<difficult>0</difficult>
		<occluded>0</occluded>
		<bndbox>
			<xmin>54</xmin>
			<xmax>96</xmax>
			<ymin>200</ymin>
			<ymax>228</ymax>
		</bndbox>
	</object>
	<object>
		<name>Brownstone</name>
		<pose>Unspecified</pose>
		<truncated>0</truncated>
		<difficult>0</difficult>
		<occluded>0</occluded>
		<bndbox>
			<xmin>87</xmin>
			<xmax>143</xmax>
			<ymin>234</ymin>
			<ymax>271</ymax>
		</bndbox>
	</object>
	<object>
		<name>Bluestone</name>
		<pose>Unspecified</pose>
		<truncated>0</truncated>
		<difficult>0</difficult>
		<occluded>0</occluded>
		<bndbox>
			<xmin>103</xmin>
			<xmax>166</xmax>
			<ymin>293</ymin>
			<ymax>335</ymax>
		</bndbox>
	</object>
	<object>
		<name>Yellowstone</name>
		<pose>Unspecified</pose>
		<truncated>0</truncated>
		<difficult>0</difficult>
		<occluded>0</occluded>
		<bndbox>
			<xmin>21</xmin>
			<xmax>70</xmax>
			<ymin>317</ymin>
			<ymax>353</ymax>
		</bndbox>
	</object>
</annotation>
