<annotation>
	<folder></folder>
	<filename>0386_jpg.rf.a1ed77f8398d9ef82e7602b0dfd3f7b0.jpg</filename>
	<path>0386_jpg.rf.a1ed77f8398d9ef82e7602b0dfd3f7b0.jpg</path>
	<source>
		<database>roboflow.ai</database>
	</source>
	<size>
		<width>416</width>
		<height>416</height>
		<depth>3</depth>
	</size>
	<segmented>0</segmented>
	<object>
		<name>Brownstone</name>
		<pose>Unspecified</pose>
		<truncated>0</truncated>
		<difficult>0</difficult>
		<occluded>0</occluded>
		<bndbox>
			<xmin>123</xmin>
			<xmax>167</xmax>
			<ymin>90</ymin>
			<ymax>148</ymax>
		</bndbox>
	</object>
	<object>
		<name>Bluestone</name>
		<pose>Unspecified</pose>
		<truncated>0</truncated>
		<difficult>0</difficult>
		<occluded>0</occluded>
		<bndbox>
			<xmin>61</xmin>
			<xmax>108</xmax>
			<ymin>113</ymin>
			<ymax>174</ymax>
		</bndbox>
	</object>
	<object>
		<name>Yellowstone</name>
		<pose>Unspecified</pose>
		<truncated>0</truncated>
		<difficult>0</difficult>
		<occluded>0</occluded>
		<bndbox>
			<xmin>33</xmin>
			<xmax>73</xmax>
			<ymin>45</ymin>
			<ymax>90</ymax>
		</bndbox>
	</object>
	<object>
		<name>Turquoisestone</name>
		<pose>Unspecified</pose>
		<truncated>0</truncated>
		<difficult>0</difficult>
		<occluded>0</occluded>
		<bndbox>
			<xmin>153</xmin>
			<xmax>194</xmax>
			<ymin>37</ymin>
			<ymax>94</ymax>
		</bndbox>
	</object>
</annotation>
