<annotation>
	<folder></folder>
	<filename>0388_jpg.rf.11a6ff90dea0b385657007b5a382de18.jpg</filename>
	<path>0388_jpg.rf.11a6ff90dea0b385657007b5a382de18.jpg</path>
	<source>
		<database>roboflow.ai</database>
	</source>
	<size>
		<width>416</width>
		<height>416</height>
		<depth>3</depth>
	</size>
	<segmented>0</segmented>
	<object>
		<name>Bluestone</name>
		<pose>Unspecified</pose>
		<truncated>0</truncated>
		<difficult>0</difficult>
		<occluded>0</occluded>
		<bndbox>
			<xmin>264</xmin>
			<xmax>303</xmax>
			<ymin>308</ymin>
			<ymax>370</ymax>
		</bndbox>
	</object>
	<object>
		<name>Brownstone</name>
		<pose>Unspecified</pose>
		<truncated>0</truncated>
		<difficult>0</difficult>
		<occluded>0</occluded>
		<bndbox>
			<xmin>203</xmin>
			<xmax>236</xmax>
			<ymin>304</ymin>
			<ymax>354</ymax>
		</bndbox>
	</object>
	<object>
		<name>Yellowstone</name>
		<pose>Unspecified</pose>
		<truncated>0</truncated>
		<difficult>0</difficult>
		<occluded>0</occluded>
		<bndbox>
			<xmin>257</xmin>
			<xmax>295</xmax>
			<ymin>393</ymin>
			<ymax>416</ymax>
		</bndbox>
	</object>
	<object>
		<name>Turquoisestone</name>
		<pose>Unspecified</pose>
		<truncated>0</truncated>
		<difficult>0</difficult>
		<occluded>0</occluded>
		<bndbox>
			<xmin>150</xmin>
			<xmax>186</xmax>
			<ymin>336</ymin>
			<ymax>386</ymax>
		</bndbox>
	</object>
</annotation>
