<annotation>
	<folder></folder>
	<filename>0393_jpg.rf.7ffcf672a4c805011f2ce2ae86082fa4.jpg</filename>
	<path>0393_jpg.rf.7ffcf672a4c805011f2ce2ae86082fa4.jpg</path>
	<source>
		<database>roboflow.ai</database>
	</source>
	<size>
		<width>416</width>
		<height>416</height>
		<depth>3</depth>
	</size>
	<segmented>0</segmented>
	<object>
		<name>Brownstone</name>
		<pose>Unspecified</pose>
		<truncated>0</truncated>
		<difficult>0</difficult>
		<occluded>0</occluded>
		<bndbox>
			<xmin>310</xmin>
			<xmax>359</xmax>
			<ymin>171</ymin>
			<ymax>199</ymax>
		</bndbox>
	</object>
	<object>
		<name>Bluestone</name>
		<pose>Unspecified</pose>
		<truncated>0</truncated>
		<difficult>0</difficult>
		<occluded>0</occluded>
		<bndbox>
			<xmin>307</xmin>
			<xmax>360</xmax>
			<ymin>99</ymin>
			<ymax>130</ymax>
		</bndbox>
	</object>
	<object>
		<name>Turquoisestone</name>
		<pose>Unspecified</pose>
		<truncated>0</truncated>
		<difficult>0</difficult>
		<occluded>0</occluded>
		<bndbox>
			<xmin>342</xmin>
			<xmax>400</xmax>
			<ymin>215</ymin>
			<ymax>250</ymax>
		</bndbox>
	</object>
</annotation>
