<annotation>
	<folder></folder>
	<filename>0393_jpg.rf.af3137ec4cd4fb2d4dd35436beaf45e0.jpg</filename>
	<path>0393_jpg.rf.af3137ec4cd4fb2d4dd35436beaf45e0.jpg</path>
	<source>
		<database>roboflow.ai</database>
	</source>
	<size>
		<width>416</width>
		<height>416</height>
		<depth>3</depth>
	</size>
	<segmented>0</segmented>
	<object>
		<name>Brownstone</name>
		<pose>Unspecified</pose>
		<truncated>0</truncated>
		<difficult>0</difficult>
		<occluded>0</occluded>
		<bndbox>
			<xmin>302</xmin>
			<xmax>356</xmax>
			<ymin>159</ymin>
			<ymax>203</ymax>
		</bndbox>
	</object>
	<object>
		<name>Bluestone</name>
		<pose>Unspecified</pose>
		<truncated>0</truncated>
		<difficult>0</difficult>
		<occluded>0</occluded>
		<bndbox>
			<xmin>328</xmin>
			<xmax>386</xmax>
			<ymin>220</ymin>
			<ymax>267</ymax>
		</bndbox>
	</object>
	<object>
		<name>Turquoisestone</name>
		<pose>Unspecified</pose>
		<truncated>0</truncated>
		<difficult>0</difficult>
		<occluded>0</occluded>
		<bndbox>
			<xmin>307</xmin>
			<xmax>372</xmax>
			<ymin>97</ymin>
			<ymax>151</ymax>
		</bndbox>
	</object>
</annotation>
