<annotation>
	<folder></folder>
	<filename>0400_jpg.rf.10bfabf1c7f940ac4f08ac2b947084a6.jpg</filename>
	<path>0400_jpg.rf.10bfabf1c7f940ac4f08ac2b947084a6.jpg</path>
	<source>
		<database>roboflow.ai</database>
	</source>
	<size>
		<width>416</width>
		<height>416</height>
		<depth>3</depth>
	</size>
	<segmented>0</segmented>
	<object>
		<name>Brownstone</name>
		<pose>Unspecified</pose>
		<truncated>0</truncated>
		<difficult>0</difficult>
		<occluded>0</occluded>
		<bndbox>
			<xmin>140</xmin>
			<xmax>178</xmax>
			<ymin>295</ymin>
			<ymax>350</ymax>
		</bndbox>
	</object>
	<object>
		<name>Bluestone</name>
		<pose>Unspecified</pose>
		<truncated>0</truncated>
		<difficult>0</difficult>
		<occluded>0</occluded>
		<bndbox>
			<xmin>67</xmin>
			<xmax>110</xmax>
			<ymin>275</ymin>
			<ymax>340</ymax>
		</bndbox>
	</object>
	<object>
		<name>Turquoisestone</name>
		<pose>Unspecified</pose>
		<truncated>0</truncated>
		<difficult>0</difficult>
		<occluded>0</occluded>
		<bndbox>
			<xmin>186</xmin>
			<xmax>219</xmax>
			<ymin>347</ymin>
			<ymax>395</ymax>
		</bndbox>
	</object>
</annotation>
