<annotation>
	<folder></folder>
	<filename>0400_jpg.rf.011a137fa0bfe51247b17a11f6298df7.jpg</filename>
	<path>0400_jpg.rf.011a137fa0bfe51247b17a11f6298df7.jpg</path>
	<source>
		<database>roboflow.ai</database>
	</source>
	<size>
		<width>416</width>
		<height>416</height>
		<depth>3</depth>
	</size>
	<segmented>0</segmented>
	<object>
		<name>Brownstone</name>
		<pose>Unspecified</pose>
		<truncated>0</truncated>
		<difficult>0</difficult>
		<occluded>0</occluded>
		<bndbox>
			<xmin>57</xmin>
			<xmax>112</xmax>
			<ymin>195</ymin>
			<ymax>234</ymax>
		</bndbox>
	</object>
	<object>
		<name>Bluestone</name>
		<pose>Unspecified</pose>
		<truncated>0</truncated>
		<difficult>0</difficult>
		<occluded>0</occluded>
		<bndbox>
			<xmin>35</xmin>
			<xmax>101</xmax>
			<ymin>121</ymin>
			<ymax>167</ymax>
		</bndbox>
	</object>
	<object>
		<name>Turquoisestone</name>
		<pose>Unspecified</pose>
		<truncated>0</truncated>
		<difficult>0</difficult>
		<occluded>0</occluded>
		<bndbox>
			<xmin>34</xmin>
			<xmax>83</xmax>
			<ymin>257</ymin>
			<ymax>292</ymax>
		</bndbox>
	</object>
</annotation>
