<annotation>
	<folder></folder>
	<filename>0400_jpg.rf.e254d40ef4c490d02245b346646b3c8b.jpg</filename>
	<path>0400_jpg.rf.e254d40ef4c490d02245b346646b3c8b.jpg</path>
	<source>
		<database>roboflow.ai</database>
	</source>
	<size>
		<width>416</width>
		<height>416</height>
		<depth>3</depth>
	</size>
	<segmented>0</segmented>
	<object>
		<name>Brownstone</name>
		<pose>Unspecified</pose>
		<truncated>0</truncated>
		<difficult>0</difficult>
		<occluded>0</occluded>
		<bndbox>
			<xmin>257</xmin>
			<xmax>315</xmax>
			<ymin>288</ymin>
			<ymax>346</ymax>
		</bndbox>
	</object>
	<object>
		<name>Bluestone</name>
		<pose>Unspecified</pose>
		<truncated>0</truncated>
		<difficult>0</difficult>
		<occluded>0</occluded>
		<bndbox>
			<xmin>200</xmin>
			<xmax>268</xmax>
			<ymin>336</ymin>
			<ymax>403</ymax>
		</bndbox>
	</object>
	<object>
		<name>Turquoisestone</name>
		<pose>Unspecified</pose>
		<truncated>0</truncated>
		<difficult>0</difficult>
		<occluded>0</occluded>
		<bndbox>
			<xmin>328</xmin>
			<xmax>378</xmax>
			<ymin>282</ymin>
			<ymax>332</ymax>
		</bndbox>
	</object>
</annotation>
