<annotation>
	<folder></folder>
	<filename>0404_jpg.rf.3eef31bf60291c1364362224b92d55a2.jpg</filename>
	<path>0404_jpg.rf.3eef31bf60291c1364362224b92d55a2.jpg</path>
	<source>
		<database>roboflow.ai</database>
	</source>
	<size>
		<width>416</width>
		<height>416</height>
		<depth>3</depth>
	</size>
	<segmented>0</segmented>
	<object>
		<name>Bluestone</name>
		<pose>Unspecified</pose>
		<truncated>0</truncated>
		<difficult>0</difficult>
		<occluded>0</occluded>
		<bndbox>
			<xmin>110</xmin>
			<xmax>173</xmax>
			<ymin>40</ymin>
			<ymax>93</ymax>
		</bndbox>
	</object>
	<object>
		<name>Brownstone</name>
		<pose>Unspecified</pose>
		<truncated>0</truncated>
		<difficult>0</difficult>
		<occluded>0</occluded>
		<bndbox>
			<xmin>79</xmin>
			<xmax>137</xmax>
			<ymin>107</ymin>
			<ymax>156</ymax>
		</bndbox>
	</object>
	<object>
		<name>Turquoisestone</name>
		<pose>Unspecified</pose>
		<truncated>0</truncated>
		<difficult>0</difficult>
		<occluded>0</occluded>
		<bndbox>
			<xmin>22</xmin>
			<xmax>80</xmax>
			<ymin>134</ymin>
			<ymax>181</ymax>
		</bndbox>
	</object>
</annotation>
