<annotation>
	<folder></folder>
	<filename>0407_jpg.rf.f2e7639972527f36a9ae6256e47f6bda.jpg</filename>
	<path>0407_jpg.rf.f2e7639972527f36a9ae6256e47f6bda.jpg</path>
	<source>
		<database>roboflow.ai</database>
	</source>
	<size>
		<width>416</width>
		<height>416</height>
		<depth>3</depth>
	</size>
	<segmented>0</segmented>
	<object>
		<name>Brownstone</name>
		<pose>Unspecified</pose>
		<truncated>0</truncated>
		<difficult>0</difficult>
		<occluded>0</occluded>
		<bndbox>
			<xmin>148</xmin>
			<xmax>183</xmax>
			<ymin>56</ymin>
			<ymax>108</ymax>
		</bndbox>
	</object>
	<object>
		<name>Bluestone</name>
		<pose>Unspecified</pose>
		<truncated>0</truncated>
		<difficult>0</difficult>
		<occluded>0</occluded>
		<bndbox>
			<xmin>69</xmin>
			<xmax>109</xmax>
			<ymin>66</ymin>
			<ymax>125</ymax>
		</bndbox>
	</object>
	<object>
		<name>Turquoisestone</name>
		<pose>Unspecified</pose>
		<truncated>0</truncated>
		<difficult>0</difficult>
		<occluded>0</occluded>
		<bndbox>
			<xmin>193</xmin>
			<xmax>234</xmax>
			<ymin>5</ymin>
			<ymax>63</ymax>
		</bndbox>
	</object>
</annotation>
