<annotation>
	<folder></folder>
	<filename>0407_jpg.rf.f09e7947a9aa2ca6b77ec439468b7213.jpg</filename>
	<path>0407_jpg.rf.f09e7947a9aa2ca6b77ec439468b7213.jpg</path>
	<source>
		<database>roboflow.ai</database>
	</source>
	<size>
		<width>416</width>
		<height>416</height>
		<depth>3</depth>
	</size>
	<segmented>0</segmented>
	<object>
		<name>Brownstone</name>
		<pose>Unspecified</pose>
		<truncated>0</truncated>
		<difficult>0</difficult>
		<occluded>0</occluded>
		<bndbox>
			<xmin>209</xmin>
			<xmax>240</xmax>
			<ymin>320</ymin>
			<ymax>370</ymax>
		</bndbox>
	</object>
	<object>
		<name>Bluestone</name>
		<pose>Unspecified</pose>
		<truncated>0</truncated>
		<difficult>0</difficult>
		<occluded>0</occluded>
		<bndbox>
			<xmin>284</xmin>
			<xmax>320</xmax>
			<ymin>321</ymin>
			<ymax>378</ymax>
		</bndbox>
	</object>
	<object>
		<name>Turquoisestone</name>
		<pose>Unspecified</pose>
		<truncated>0</truncated>
		<difficult>0</difficult>
		<occluded>0</occluded>
		<bndbox>
			<xmin>149</xmin>
			<xmax>186</xmax>
			<ymin>352</ymin>
			<ymax>408</ymax>
		</bndbox>
	</object>
</annotation>
