<annotation>
	<folder></folder>
	<filename>0411_jpg.rf.bd4677c6a1a65172b4efbe12b8cc6edf.jpg</filename>
	<path>0411_jpg.rf.bd4677c6a1a65172b4efbe12b8cc6edf.jpg</path>
	<source>
		<database>roboflow.ai</database>
	</source>
	<size>
		<width>416</width>
		<height>416</height>
		<depth>3</depth>
	</size>
	<segmented>0</segmented>
	<object>
		<name>Brownstone</name>
		<pose>Unspecified</pose>
		<truncated>0</truncated>
		<difficult>0</difficult>
		<occluded>0</occluded>
		<bndbox>
			<xmin>269</xmin>
			<xmax>327</xmax>
			<ymin>287</ymin>
			<ymax>343</ymax>
		</bndbox>
	</object>
	<object>
		<name>Bluestone</name>
		<pose>Unspecified</pose>
		<truncated>0</truncated>
		<difficult>0</difficult>
		<occluded>0</occluded>
		<bndbox>
			<xmin>211</xmin>
			<xmax>278</xmax>
			<ymin>345</ymin>
			<ymax>409</ymax>
		</bndbox>
	</object>
	<object>
		<name>Turquoisestone</name>
		<pose>Unspecified</pose>
		<truncated>0</truncated>
		<difficult>0</difficult>
		<occluded>0</occluded>
		<bndbox>
			<xmin>337</xmin>
			<xmax>395</xmax>
			<ymin>271</ymin>
			<ymax>326</ymax>
		</bndbox>
	</object>
</annotation>
