<annotation>
	<folder></folder>
	<filename>0411_jpg.rf.29580654ba53136b5627d33c31d4a727.jpg</filename>
	<path>0411_jpg.rf.29580654ba53136b5627d33c31d4a727.jpg</path>
	<source>
		<database>roboflow.ai</database>
	</source>
	<size>
		<width>416</width>
		<height>416</height>
		<depth>3</depth>
	</size>
	<segmented>0</segmented>
	<object>
		<name>Brownstone</name>
		<pose>Unspecified</pose>
		<truncated>0</truncated>
		<difficult>0</difficult>
		<occluded>0</occluded>
		<bndbox>
			<xmin>108</xmin>
			<xmax>156</xmax>
			<ymin>69</ymin>
			<ymax>126</ymax>
		</bndbox>
	</object>
	<object>
		<name>Bluestone</name>
		<pose>Unspecified</pose>
		<truncated>0</truncated>
		<difficult>0</difficult>
		<occluded>0</occluded>
		<bndbox>
			<xmin>31</xmin>
			<xmax>86</xmax>
			<ymin>97</ymin>
			<ymax>163</ymax>
		</bndbox>
	</object>
	<object>
		<name>Turquoisestone</name>
		<pose>Unspecified</pose>
		<truncated>0</truncated>
		<difficult>0</difficult>
		<occluded>0</occluded>
		<bndbox>
			<xmin>146</xmin>
			<xmax>190</xmax>
			<ymin>8</ymin>
			<ymax>67</ymax>
		</bndbox>
	</object>
</annotation>
