<annotation>
	<folder></folder>
	<filename>0411_jpg.rf.99d310dc887f57e7d4e2a98885059e24.jpg</filename>
	<path>0411_jpg.rf.99d310dc887f57e7d4e2a98885059e24.jpg</path>
	<source>
		<database>roboflow.ai</database>
	</source>
	<size>
		<width>416</width>
		<height>416</height>
		<depth>3</depth>
	</size>
	<segmented>0</segmented>
	<object>
		<name>Brownstone</name>
		<pose>Unspecified</pose>
		<truncated>0</truncated>
		<difficult>0</difficult>
		<occluded>0</occluded>
		<bndbox>
			<xmin>91</xmin>
			<xmax>143</xmax>
			<ymin>278</ymin>
			<ymax>336</ymax>
		</bndbox>
	</object>
	<object>
		<name>Bluestone</name>
		<pose>Unspecified</pose>
		<truncated>0</truncated>
		<difficult>0</difficult>
		<occluded>0</occluded>
		<bndbox>
			<xmin>19</xmin>
			<xmax>79</xmax>
			<ymin>232</ymin>
			<ymax>299</ymax>
		</bndbox>
	</object>
	<object>
		<name>Turquoisestone</name>
		<pose>Unspecified</pose>
		<truncated>0</truncated>
		<difficult>0</difficult>
		<occluded>0</occluded>
		<bndbox>
			<xmin>121</xmin>
			<xmax>170</xmax>
			<ymin>343</ymin>
			<ymax>401</ymax>
		</bndbox>
	</object>
</annotation>
