<annotation>
	<folder></folder>
	<filename>0413_jpg.rf.081b3ee5c53abce7a93d24a430a8b0dd.jpg</filename>
	<path>0413_jpg.rf.081b3ee5c53abce7a93d24a430a8b0dd.jpg</path>
	<source>
		<database>roboflow.ai</database>
	</source>
	<size>
		<width>416</width>
		<height>416</height>
		<depth>3</depth>
	</size>
	<segmented>0</segmented>
	<object>
		<name>Brownstone</name>
		<pose>Unspecified</pose>
		<truncated>0</truncated>
		<difficult>0</difficult>
		<occluded>0</occluded>
		<bndbox>
			<xmin>217</xmin>
			<xmax>269</xmax>
			<ymin>310</ymin>
			<ymax>373</ymax>
		</bndbox>
	</object>
	<object>
		<name>Bluestone</name>
		<pose>Unspecified</pose>
		<truncated>0</truncated>
		<difficult>0</difficult>
		<occluded>0</occluded>
		<bndbox>
			<xmin>140</xmin>
			<xmax>198</xmax>
			<ymin>341</ymin>
			<ymax>412</ymax>
		</bndbox>
	</object>
	<object>
		<name>Turquoisestone</name>
		<pose>Unspecified</pose>
		<truncated>0</truncated>
		<difficult>0</difficult>
		<occluded>0</occluded>
		<bndbox>
			<xmin>291</xmin>
			<xmax>340</xmax>
			<ymin>323</ymin>
			<ymax>384</ymax>
		</bndbox>
	</object>
</annotation>
