<annotation>
	<folder></folder>
	<filename>0413_jpg.rf.8374d430b9f2cf89beab7b82c4f52412.jpg</filename>
	<path>0413_jpg.rf.8374d430b9f2cf89beab7b82c4f52412.jpg</path>
	<source>
		<database>roboflow.ai</database>
	</source>
	<size>
		<width>416</width>
		<height>416</height>
		<depth>3</depth>
	</size>
	<segmented>0</segmented>
	<object>
		<name>Brownstone</name>
		<pose>Unspecified</pose>
		<truncated>0</truncated>
		<difficult>0</difficult>
		<occluded>0</occluded>
		<bndbox>
			<xmin>54</xmin>
			<xmax>110</xmax>
			<ymin>209</ymin>
			<ymax>244</ymax>
		</bndbox>
	</object>
	<object>
		<name>Bluestone</name>
		<pose>Unspecified</pose>
		<truncated>0</truncated>
		<difficult>0</difficult>
		<occluded>0</occluded>
		<bndbox>
			<xmin>45</xmin>
			<xmax>109</xmax>
			<ymin>289</ymin>
			<ymax>327</ymax>
		</bndbox>
	</object>
	<object>
		<name>Turquoisestone</name>
		<pose>Unspecified</pose>
		<truncated>0</truncated>
		<difficult>0</difficult>
		<occluded>0</occluded>
		<bndbox>
			<xmin>15</xmin>
			<xmax>71</xmax>
			<ymin>149</ymin>
			<ymax>181</ymax>
		</bndbox>
	</object>
</annotation>
