<annotation>
	<folder></folder>
	<filename>0421_jpg.rf.5928545ac4328808fda4b9a8eb16b5de.jpg</filename>
	<path>0421_jpg.rf.5928545ac4328808fda4b9a8eb16b5de.jpg</path>
	<source>
		<database>roboflow.ai</database>
	</source>
	<size>
		<width>416</width>
		<height>416</height>
		<depth>3</depth>
	</size>
	<segmented>0</segmented>
	<object>
		<name>Brownstone</name>
		<pose>Unspecified</pose>
		<truncated>0</truncated>
		<difficult>0</difficult>
		<occluded>0</occluded>
		<bndbox>
			<xmin>43</xmin>
			<xmax>104</xmax>
			<ymin>209</ymin>
			<ymax>244</ymax>
		</bndbox>
	</object>
	<object>
		<name>Bluestone</name>
		<pose>Unspecified</pose>
		<truncated>0</truncated>
		<difficult>0</difficult>
		<occluded>0</occluded>
		<bndbox>
			<xmin>39</xmin>
			<xmax>108</xmax>
			<ymin>297</ymin>
			<ymax>339</ymax>
		</bndbox>
	</object>
	<object>
		<name>Turquoisestone</name>
		<pose>Unspecified</pose>
		<truncated>0</truncated>
		<difficult>0</difficult>
		<occluded>0</occluded>
		<bndbox>
			<xmin>3</xmin>
			<xmax>56</xmax>
			<ymin>146</ymin>
			<ymax>178</ymax>
		</bndbox>
	</object>
</annotation>
