<annotation>
	<folder></folder>
	<filename>0425_jpg.rf.09408017154c1143575ffc7c0a549226.jpg</filename>
	<path>0425_jpg.rf.09408017154c1143575ffc7c0a549226.jpg</path>
	<source>
		<database>roboflow.ai</database>
	</source>
	<size>
		<width>416</width>
		<height>416</height>
		<depth>3</depth>
	</size>
	<segmented>0</segmented>
	<object>
		<name>Brownstone</name>
		<pose>Unspecified</pose>
		<truncated>0</truncated>
		<difficult>0</difficult>
		<occluded>0</occluded>
		<bndbox>
			<xmin>213</xmin>
			<xmax>267</xmax>
			<ymin>302</ymin>
			<ymax>370</ymax>
		</bndbox>
	</object>
	<object>
		<name>Turquoisestone</name>
		<pose>Unspecified</pose>
		<truncated>0</truncated>
		<difficult>0</difficult>
		<occluded>0</occluded>
		<bndbox>
			<xmin>296</xmin>
			<xmax>349</xmax>
			<ymin>319</ymin>
			<ymax>384</ymax>
		</bndbox>
	</object>
</annotation>
