<annotation>
	<folder></folder>
	<filename>0425_jpg.rf.d632edbf0995a9c2b7679674a7dabf27.jpg</filename>
	<path>0425_jpg.rf.d632edbf0995a9c2b7679674a7dabf27.jpg</path>
	<source>
		<database>roboflow.ai</database>
	</source>
	<size>
		<width>416</width>
		<height>416</height>
		<depth>3</depth>
	</size>
	<segmented>0</segmented>
	<object>
		<name>Brownstone</name>
		<pose>Unspecified</pose>
		<truncated>0</truncated>
		<difficult>0</difficult>
		<occluded>0</occluded>
		<bndbox>
			<xmin>52</xmin>
			<xmax>117</xmax>
			<ymin>142</ymin>
			<ymax>183</ymax>
		</bndbox>
	</object>
	<object>
		<name>Turquoisestone</name>
		<pose>Unspecified</pose>
		<truncated>0</truncated>
		<difficult>0</difficult>
		<occluded>0</occluded>
		<bndbox>
			<xmin>1</xmin>
			<xmax>57</xmax>
			<ymin>204</ymin>
			<ymax>246</ymax>
		</bndbox>
	</object>
</annotation>
