<annotation>
	<folder></folder>
	<filename>0425_jpg.rf.3787f42b50e68e2db289eed47c5e4750.jpg</filename>
	<path>0425_jpg.rf.3787f42b50e68e2db289eed47c5e4750.jpg</path>
	<source>
		<database>roboflow.ai</database>
	</source>
	<size>
		<width>416</width>
		<height>416</height>
		<depth>3</depth>
	</size>
	<segmented>0</segmented>
	<object>
		<name>Brownstone</name>
		<pose>Unspecified</pose>
		<truncated>0</truncated>
		<difficult>0</difficult>
		<occluded>0</occluded>
		<bndbox>
			<xmin>307</xmin>
			<xmax>371</xmax>
			<ymin>152</ymin>
			<ymax>192</ymax>
		</bndbox>
	</object>
	<object>
		<name>Turquoisestone</name>
		<pose>Unspecified</pose>
		<truncated>0</truncated>
		<difficult>0</difficult>
		<occluded>0</occluded>
		<bndbox>
			<xmin>364</xmin>
			<xmax>416</xmax>
			<ymin>216</ymin>
			<ymax>255</ymax>
		</bndbox>
	</object>
</annotation>
