<annotation>
	<folder></folder>
	<filename>0427_jpg.rf.44b45ce77b5682e5d9d044677f3d0647.jpg</filename>
	<path>0427_jpg.rf.44b45ce77b5682e5d9d044677f3d0647.jpg</path>
	<source>
		<database>roboflow.ai</database>
	</source>
	<size>
		<width>416</width>
		<height>416</height>
		<depth>3</depth>
	</size>
	<segmented>0</segmented>
	<object>
		<name>Brownstone</name>
		<pose>Unspecified</pose>
		<truncated>0</truncated>
		<difficult>0</difficult>
		<occluded>0</occluded>
		<bndbox>
			<xmin>138</xmin>
			<xmax>194</xmax>
			<ymin>302</ymin>
			<ymax>365</ymax>
		</bndbox>
	</object>
	<object>
		<name>Turquoisestone</name>
		<pose>Unspecified</pose>
		<truncated>0</truncated>
		<difficult>0</difficult>
		<occluded>0</occluded>
		<bndbox>
			<xmin>58</xmin>
			<xmax>108</xmax>
			<ymin>313</ymin>
			<ymax>374</ymax>
		</bndbox>
	</object>
</annotation>
