<annotation>
	<folder></folder>
	<filename>0432_jpg.rf.efad0290c51f4a76c84edb6ac5e6005d.jpg</filename>
	<path>0432_jpg.rf.efad0290c51f4a76c84edb6ac5e6005d.jpg</path>
	<source>
		<database>roboflow.ai</database>
	</source>
	<size>
		<width>416</width>
		<height>416</height>
		<depth>3</depth>
	</size>
	<segmented>0</segmented>
	<object>
		<name>Brownstone</name>
		<pose>Unspecified</pose>
		<truncated>0</truncated>
		<difficult>0</difficult>
		<occluded>0</occluded>
		<bndbox>
			<xmin>160</xmin>
			<xmax>216</xmax>
			<ymin>53</ymin>
			<ymax>121</ymax>
		</bndbox>
	</object>
	<object>
		<name>Bluestone</name>
		<pose>Unspecified</pose>
		<truncated>0</truncated>
		<difficult>0</difficult>
		<occluded>0</occluded>
		<bndbox>
			<xmin>250</xmin>
			<xmax>297</xmax>
			<ymin>24</ymin>
			<ymax>83</ymax>
		</bndbox>
	</object>
	<object>
		<name>Turquoisestone</name>
		<pose>Unspecified</pose>
		<truncated>0</truncated>
		<difficult>0</difficult>
		<occluded>0</occluded>
		<bndbox>
			<xmin>80</xmin>
			<xmax>130</xmax>
			<ymin>27</ymin>
			<ymax>94</ymax>
		</bndbox>
	</object>
</annotation>
