<annotation>
	<folder></folder>
	<filename>0432_jpg.rf.8f3887afd46b95da814c467036fc2997.jpg</filename>
	<path>0432_jpg.rf.8f3887afd46b95da814c467036fc2997.jpg</path>
	<source>
		<database>roboflow.ai</database>
	</source>
	<size>
		<width>416</width>
		<height>416</height>
		<depth>3</depth>
	</size>
	<segmented>0</segmented>
	<object>
		<name>Brownstone</name>
		<pose>Unspecified</pose>
		<truncated>0</truncated>
		<difficult>0</difficult>
		<occluded>0</occluded>
		<bndbox>
			<xmin>218</xmin>
			<xmax>257</xmax>
			<ymin>309</ymin>
			<ymax>370</ymax>
		</bndbox>
	</object>
	<object>
		<name>Bluestone</name>
		<pose>Unspecified</pose>
		<truncated>0</truncated>
		<difficult>0</difficult>
		<occluded>0</occluded>
		<bndbox>
			<xmin>315</xmin>
			<xmax>348</xmax>
			<ymin>312</ymin>
			<ymax>367</ymax>
		</bndbox>
	</object>
	<object>
		<name>Turquoisestone</name>
		<pose>Unspecified</pose>
		<truncated>0</truncated>
		<difficult>0</difficult>
		<occluded>0</occluded>
		<bndbox>
			<xmin>152</xmin>
			<xmax>185</xmax>
			<ymin>364</ymin>
			<ymax>417</ymax>
		</bndbox>
	</object>
</annotation>
