<annotation>
	<folder></folder>
	<filename>0433_jpg.rf.f651b3ff3b8c5208494c514260fb7550.jpg</filename>
	<path>0433_jpg.rf.f651b3ff3b8c5208494c514260fb7550.jpg</path>
	<source>
		<database>roboflow.ai</database>
	</source>
	<size>
		<width>416</width>
		<height>416</height>
		<depth>3</depth>
	</size>
	<segmented>0</segmented>
	<object>
		<name>Brownstone</name>
		<pose>Unspecified</pose>
		<truncated>0</truncated>
		<difficult>0</difficult>
		<occluded>0</occluded>
		<bndbox>
			<xmin>64</xmin>
			<xmax>133</xmax>
			<ymin>130</ymin>
			<ymax>194</ymax>
		</bndbox>
	</object>
	<object>
		<name>Bluestone</name>
		<pose>Unspecified</pose>
		<truncated>0</truncated>
		<difficult>0</difficult>
		<occluded>0</occluded>
		<bndbox>
			<xmin>12</xmin>
			<xmax>80</xmax>
			<ymin>210</ymin>
			<ymax>272</ymax>
		</bndbox>
	</object>
	<object>
		<name>Turquoisestone</name>
		<pose>Unspecified</pose>
		<truncated>0</truncated>
		<difficult>0</difficult>
		<occluded>0</occluded>
		<bndbox>
			<xmin>66</xmin>
			<xmax>129</xmax>
			<ymin>46</ymin>
			<ymax>103</ymax>
		</bndbox>
	</object>
</annotation>
