<annotation>
	<folder></folder>
	<filename>0433_jpg.rf.1a31a9d9552ed94d737862982baa2f58.jpg</filename>
	<path>0433_jpg.rf.1a31a9d9552ed94d737862982baa2f58.jpg</path>
	<source>
		<database>roboflow.ai</database>
	</source>
	<size>
		<width>416</width>
		<height>416</height>
		<depth>3</depth>
	</size>
	<segmented>0</segmented>
	<object>
		<name>Brownstone</name>
		<pose>Unspecified</pose>
		<truncated>0</truncated>
		<difficult>0</difficult>
		<occluded>0</occluded>
		<bndbox>
			<xmin>252</xmin>
			<xmax>307</xmax>
			<ymin>83</ymin>
			<ymax>150</ymax>
		</bndbox>
	</object>
	<object>
		<name>Bluestone</name>
		<pose>Unspecified</pose>
		<truncated>0</truncated>
		<difficult>0</difficult>
		<occluded>0</occluded>
		<bndbox>
			<xmin>334</xmin>
			<xmax>388</xmax>
			<ymin>127</ymin>
			<ymax>194</ymax>
		</bndbox>
	</object>
	<object>
		<name>Turquoisestone</name>
		<pose>Unspecified</pose>
		<truncated>0</truncated>
		<difficult>0</difficult>
		<occluded>0</occluded>
		<bndbox>
			<xmin>216</xmin>
			<xmax>265</xmax>
			<ymin>9</ymin>
			<ymax>72</ymax>
		</bndbox>
	</object>
</annotation>
