<annotation>
	<folder></folder>
	<filename>0435_jpg.rf.01cd6a104a705b37a48db31e54f92838.jpg</filename>
	<path>0435_jpg.rf.01cd6a104a705b37a48db31e54f92838.jpg</path>
	<source>
		<database>roboflow.ai</database>
	</source>
	<size>
		<width>416</width>
		<height>416</height>
		<depth>3</depth>
	</size>
	<segmented>0</segmented>
	<object>
		<name>Brownstone</name>
		<pose>Unspecified</pose>
		<truncated>0</truncated>
		<difficult>0</difficult>
		<occluded>0</occluded>
		<bndbox>
			<xmin>267</xmin>
			<xmax>330</xmax>
			<ymin>123</ymin>
			<ymax>185</ymax>
		</bndbox>
	</object>
	<object>
		<name>Bluestone</name>
		<pose>Unspecified</pose>
		<truncated>0</truncated>
		<difficult>0</difficult>
		<occluded>0</occluded>
		<bndbox>
			<xmin>324</xmin>
			<xmax>396</xmax>
			<ymin>190</ymin>
			<ymax>261</ymax>
		</bndbox>
	</object>
	<object>
		<name>Turquoisestone</name>
		<pose>Unspecified</pose>
		<truncated>0</truncated>
		<difficult>0</difficult>
		<occluded>0</occluded>
		<bndbox>
			<xmin>252</xmin>
			<xmax>326</xmax>
			<ymin>32</ymin>
			<ymax>104</ymax>
		</bndbox>
	</object>
</annotation>
