<annotation>
	<folder></folder>
	<filename>0435_jpg.rf.1381d29df06254b583abdff5c64d22ca.jpg</filename>
	<path>0435_jpg.rf.1381d29df06254b583abdff5c64d22ca.jpg</path>
	<source>
		<database>roboflow.ai</database>
	</source>
	<size>
		<width>416</width>
		<height>416</height>
		<depth>3</depth>
	</size>
	<segmented>0</segmented>
	<object>
		<name>Brownstone</name>
		<pose>Unspecified</pose>
		<truncated>0</truncated>
		<difficult>0</difficult>
		<occluded>0</occluded>
		<bndbox>
			<xmin>121</xmin>
			<xmax>172</xmax>
			<ymin>87</ymin>
			<ymax>151</ymax>
		</bndbox>
	</object>
	<object>
		<name>Bluestone</name>
		<pose>Unspecified</pose>
		<truncated>0</truncated>
		<difficult>0</difficult>
		<occluded>0</occluded>
		<bndbox>
			<xmin>30</xmin>
			<xmax>90</xmax>
			<ymin>123</ymin>
			<ymax>195</ymax>
		</bndbox>
	</object>
	<object>
		<name>Turquoisestone</name>
		<pose>Unspecified</pose>
		<truncated>0</truncated>
		<difficult>0</difficult>
		<occluded>0</occluded>
		<bndbox>
			<xmin>159</xmin>
			<xmax>220</xmax>
			<ymin>7</ymin>
			<ymax>83</ymax>
		</bndbox>
	</object>
</annotation>
