<annotation>
	<folder></folder>
	<filename>0438_jpg.rf.c5e2f988e5dd6d5a6989dbde97a33f05.jpg</filename>
	<path>0438_jpg.rf.c5e2f988e5dd6d5a6989dbde97a33f05.jpg</path>
	<source>
		<database>roboflow.ai</database>
	</source>
	<size>
		<width>416</width>
		<height>416</height>
		<depth>3</depth>
	</size>
	<segmented>0</segmented>
	<object>
		<name>Brownstone</name>
		<pose>Unspecified</pose>
		<truncated>0</truncated>
		<difficult>0</difficult>
		<occluded>0</occluded>
		<bndbox>
			<xmin>124</xmin>
			<xmax>177</xmax>
			<ymin>251</ymin>
			<ymax>319</ymax>
		</bndbox>
	</object>
	<object>
		<name>Bluestone</name>
		<pose>Unspecified</pose>
		<truncated>0</truncated>
		<difficult>0</difficult>
		<occluded>0</occluded>
		<bndbox>
			<xmin>45</xmin>
			<xmax>96</xmax>
			<ymin>212</ymin>
			<ymax>279</ymax>
		</bndbox>
	</object>
	<object>
		<name>Yellowstone</name>
		<pose>Unspecified</pose>
		<truncated>0</truncated>
		<difficult>0</difficult>
		<occluded>0</occluded>
		<bndbox>
			<xmin>5</xmin>
			<xmax>47</xmax>
			<ymin>320</ymin>
			<ymax>361</ymax>
		</bndbox>
	</object>
	<object>
		<name>Turquoisestone</name>
		<pose>Unspecified</pose>
		<truncated>0</truncated>
		<difficult>0</difficult>
		<occluded>0</occluded>
		<bndbox>
			<xmin>170</xmin>
			<xmax>216</xmax>
			<ymin>329</ymin>
			<ymax>388</ymax>
		</bndbox>
	</object>
</annotation>
