<annotation>
	<folder></folder>
	<filename>0444_jpg.rf.14bf36dcbbf714ebcdbf4b1b61224ec9.jpg</filename>
	<path>0444_jpg.rf.14bf36dcbbf714ebcdbf4b1b61224ec9.jpg</path>
	<source>
		<database>roboflow.ai</database>
	</source>
	<size>
		<width>416</width>
		<height>416</height>
		<depth>3</depth>
	</size>
	<segmented>0</segmented>
	<object>
		<name>Turquoisestone</name>
		<pose>Unspecified</pose>
		<truncated>0</truncated>
		<difficult>0</difficult>
		<occluded>0</occluded>
		<bndbox>
			<xmin>53</xmin>
			<xmax>124</xmax>
			<ymin>185</ymin>
			<ymax>236</ymax>
		</bndbox>
	</object>
	<object>
		<name>Brownstone</name>
		<pose>Unspecified</pose>
		<truncated>0</truncated>
		<difficult>0</difficult>
		<occluded>0</occluded>
		<bndbox>
			<xmin>109</xmin>
			<xmax>194</xmax>
			<ymin>224</ymin>
			<ymax>278</ymax>
		</bndbox>
	</object>
	<object>
		<name>Bluestone</name>
		<pose>Unspecified</pose>
		<truncated>0</truncated>
		<difficult>0</difficult>
		<occluded>0</occluded>
		<bndbox>
			<xmin>150</xmin>
			<xmax>222</xmax>
			<ymin>301</ymin>
			<ymax>356</ymax>
		</bndbox>
	</object>
	<object>
		<name>Yellowstone</name>
		<pose>Unspecified</pose>
		<truncated>0</truncated>
		<difficult>0</difficult>
		<occluded>0</occluded>
		<bndbox>
			<xmin>46</xmin>
			<xmax>119</xmax>
			<ymin>351</ymin>
			<ymax>403</ymax>
		</bndbox>
	</object>
</annotation>
