<annotation>
	<folder></folder>
	<filename>0450_jpg.rf.ea0f54fa1ab9b42d7c20989e62dd3aca.jpg</filename>
	<path>0450_jpg.rf.ea0f54fa1ab9b42d7c20989e62dd3aca.jpg</path>
	<source>
		<database>roboflow.ai</database>
	</source>
	<size>
		<width>416</width>
		<height>416</height>
		<depth>3</depth>
	</size>
	<segmented>0</segmented>
	<object>
		<name>Turquoisestone</name>
		<pose>Unspecified</pose>
		<truncated>0</truncated>
		<difficult>0</difficult>
		<occluded>0</occluded>
		<bndbox>
			<xmin>210</xmin>
			<xmax>265</xmax>
			<ymin>55</ymin>
			<ymax>119</ymax>
		</bndbox>
	</object>
	<object>
		<name>Brownstone</name>
		<pose>Unspecified</pose>
		<truncated>0</truncated>
		<difficult>0</difficult>
		<occluded>0</occluded>
		<bndbox>
			<xmin>235</xmin>
			<xmax>288</xmax>
			<ymin>131</ymin>
			<ymax>190</ymax>
		</bndbox>
	</object>
	<object>
		<name>Bluestone</name>
		<pose>Unspecified</pose>
		<truncated>0</truncated>
		<difficult>0</difficult>
		<occluded>0</occluded>
		<bndbox>
			<xmin>300</xmin>
			<xmax>357</xmax>
			<ymin>184</ymin>
			<ymax>249</ymax>
		</bndbox>
	</object>
	<object>
		<name>Yellowstone</name>
		<pose>Unspecified</pose>
		<truncated>0</truncated>
		<difficult>0</difficult>
		<occluded>0</occluded>
		<bndbox>
			<xmin>375</xmin>
			<xmax>416</xmax>
			<ymin>82</ymin>
			<ymax>141</ymax>
		</bndbox>
	</object>
</annotation>
