<annotation>
	<folder></folder>
	<filename>0463_jpg.rf.2d0e94b7ef69234ef807933b16f97609.jpg</filename>
	<path>0463_jpg.rf.2d0e94b7ef69234ef807933b16f97609.jpg</path>
	<source>
		<database>roboflow.ai</database>
	</source>
	<size>
		<width>416</width>
		<height>416</height>
		<depth>3</depth>
	</size>
	<segmented>0</segmented>
	<object>
		<name>Brownstone</name>
		<pose>Unspecified</pose>
		<truncated>0</truncated>
		<difficult>0</difficult>
		<occluded>0</occluded>
		<bndbox>
			<xmin>140</xmin>
			<xmax>202</xmax>
			<ymin>315</ymin>
			<ymax>370</ymax>
		</bndbox>
	</object>
	<object>
		<name>Bluestone</name>
		<pose>Unspecified</pose>
		<truncated>0</truncated>
		<difficult>0</difficult>
		<occluded>0</occluded>
		<bndbox>
			<xmin>97</xmin>
			<xmax>171</xmax>
			<ymin>228</ymin>
			<ymax>295</ymax>
		</bndbox>
	</object>
	<object>
		<name>Turquoisestone</name>
		<pose>Unspecified</pose>
		<truncated>0</truncated>
		<difficult>0</difficult>
		<occluded>0</occluded>
		<bndbox>
			<xmin>134</xmin>
			<xmax>189</xmax>
			<ymin>403</ymin>
			<ymax>416</ymax>
		</bndbox>
	</object>
</annotation>
