<annotation>
	<folder></folder>
	<filename>0465_jpg.rf.8e4c7077a284d06b31b3b191c2f4909d.jpg</filename>
	<path>0465_jpg.rf.8e4c7077a284d06b31b3b191c2f4909d.jpg</path>
	<source>
		<database>roboflow.ai</database>
	</source>
	<size>
		<width>416</width>
		<height>416</height>
		<depth>3</depth>
	</size>
	<segmented>0</segmented>
	<object>
		<name>Brownstone</name>
		<pose>Unspecified</pose>
		<truncated>0</truncated>
		<difficult>0</difficult>
		<occluded>0</occluded>
		<bndbox>
			<xmin>309</xmin>
			<xmax>378</xmax>
			<ymin>136</ymin>
			<ymax>193</ymax>
		</bndbox>
	</object>
	<object>
		<name>Bluestone</name>
		<pose>Unspecified</pose>
		<truncated>0</truncated>
		<difficult>0</difficult>
		<occluded>0</occluded>
		<bndbox>
			<xmin>261</xmin>
			<xmax>330</xmax>
			<ymin>211</ymin>
			<ymax>269</ymax>
		</bndbox>
	</object>
	<object>
		<name>Turquoisestone</name>
		<pose>Unspecified</pose>
		<truncated>0</truncated>
		<difficult>0</difficult>
		<occluded>0</occluded>
		<bndbox>
			<xmin>391</xmin>
			<xmax>416</xmax>
			<ymin>104</ymin>
			<ymax>157</ymax>
		</bndbox>
	</object>
</annotation>
