<annotation>
	<folder></folder>
	<filename>0465_jpg.rf.7ccfa88712dc807f7aba6413b0875509.jpg</filename>
	<path>0465_jpg.rf.7ccfa88712dc807f7aba6413b0875509.jpg</path>
	<source>
		<database>roboflow.ai</database>
	</source>
	<size>
		<width>416</width>
		<height>416</height>
		<depth>3</depth>
	</size>
	<segmented>0</segmented>
	<object>
		<name>Brownstone</name>
		<pose>Unspecified</pose>
		<truncated>0</truncated>
		<difficult>0</difficult>
		<occluded>0</occluded>
		<bndbox>
			<xmin>31</xmin>
			<xmax>101</xmax>
			<ymin>195</ymin>
			<ymax>260</ymax>
		</bndbox>
	</object>
	<object>
		<name>Bluestone</name>
		<pose>Unspecified</pose>
		<truncated>0</truncated>
		<difficult>0</difficult>
		<occluded>0</occluded>
		<bndbox>
			<xmin>93</xmin>
			<xmax>163</xmax>
			<ymin>130</ymin>
			<ymax>195</ymax>
		</bndbox>
	</object>
</annotation>
