<annotation>
	<folder></folder>
	<filename>0477_jpg.rf.fc5332f62c1e196db584d62096f0e68b.jpg</filename>
	<path>0477_jpg.rf.fc5332f62c1e196db584d62096f0e68b.jpg</path>
	<source>
		<database>roboflow.ai</database>
	</source>
	<size>
		<width>416</width>
		<height>416</height>
		<depth>3</depth>
	</size>
	<segmented>0</segmented>
	<object>
		<name>Brownstone</name>
		<pose>Unspecified</pose>
		<truncated>0</truncated>
		<difficult>0</difficult>
		<occluded>0</occluded>
		<bndbox>
			<xmin>238</xmin>
			<xmax>304</xmax>
			<ymin>1</ymin>
			<ymax>17</ymax>
		</bndbox>
	</object>
	<object>
		<name>Bluestone</name>
		<pose>Unspecified</pose>
		<truncated>0</truncated>
		<difficult>0</difficult>
		<occluded>0</occluded>
		<bndbox>
			<xmin>247</xmin>
			<xmax>316</xmax>
			<ymin>60</ymin>
			<ymax>112</ymax>
		</bndbox>
	</object>
</annotation>
