<annotation>
	<folder></folder>
	<filename>0477_jpg.rf.d3cef8e3f66fc51ef8fdacc7a1fbc803.jpg</filename>
	<path>0477_jpg.rf.d3cef8e3f66fc51ef8fdacc7a1fbc803.jpg</path>
	<source>
		<database>roboflow.ai</database>
	</source>
	<size>
		<width>416</width>
		<height>416</height>
		<depth>3</depth>
	</size>
	<segmented>0</segmented>
	<object>
		<name>Brownstone</name>
		<pose>Unspecified</pose>
		<truncated>0</truncated>
		<difficult>0</difficult>
		<occluded>0</occluded>
		<bndbox>
			<xmin>1</xmin>
			<xmax>25</xmax>
			<ymin>135</ymin>
			<ymax>200</ymax>
		</bndbox>
	</object>
	<object>
		<name>Bluestone</name>
		<pose>Unspecified</pose>
		<truncated>0</truncated>
		<difficult>0</difficult>
		<occluded>0</occluded>
		<bndbox>
			<xmin>34</xmin>
			<xmax>104</xmax>
			<ymin>184</ymin>
			<ymax>256</ymax>
		</bndbox>
	</object>
</annotation>
