<annotation>
	<folder></folder>
	<filename>0495_jpg.rf.e6e4d2760f8a125fb2826594be182304.jpg</filename>
	<path>0495_jpg.rf.e6e4d2760f8a125fb2826594be182304.jpg</path>
	<source>
		<database>roboflow.ai</database>
	</source>
	<size>
		<width>416</width>
		<height>416</height>
		<depth>3</depth>
	</size>
	<segmented>0</segmented>
	<object>
		<name>Brownstone</name>
		<pose>Unspecified</pose>
		<truncated>0</truncated>
		<difficult>0</difficult>
		<occluded>0</occluded>
		<bndbox>
			<xmin>1</xmin>
			<xmax>37</xmax>
			<ymin>175</ymin>
			<ymax>246</ymax>
		</bndbox>
	</object>
	<object>
		<name>Turquoisestone</name>
		<pose>Unspecified</pose>
		<truncated>0</truncated>
		<difficult>0</difficult>
		<occluded>0</occluded>
		<bndbox>
			<xmin>17</xmin>
			<xmax>69</xmax>
			<ymin>252</ymin>
			<ymax>318</ymax>
		</bndbox>
	</object>
</annotation>
