<annotation>
	<folder></folder>
	<filename>0495_jpg.rf.ec87ef706d2425f7e9ac59bfe4f6e98d.jpg</filename>
	<path>0495_jpg.rf.ec87ef706d2425f7e9ac59bfe4f6e98d.jpg</path>
	<source>
		<database>roboflow.ai</database>
	</source>
	<size>
		<width>416</width>
		<height>416</height>
		<depth>3</depth>
	</size>
	<segmented>0</segmented>
	<object>
		<name>Brownstone</name>
		<pose>Unspecified</pose>
		<truncated>0</truncated>
		<difficult>0</difficult>
		<occluded>0</occluded>
		<bndbox>
			<xmin>385</xmin>
			<xmax>416</xmax>
			<ymin>204</ymin>
			<ymax>271</ymax>
		</bndbox>
	</object>
	<object>
		<name>Turquoisestone</name>
		<pose>Unspecified</pose>
		<truncated>0</truncated>
		<difficult>0</difficult>
		<occluded>0</occluded>
		<bndbox>
			<xmin>344</xmin>
			<xmax>390</xmax>
			<ymin>272</ymin>
			<ymax>336</ymax>
		</bndbox>
	</object>
</annotation>
