<annotation>
	<folder></folder>
	<filename>07b9bbb0-fce1-485d-94d1-d71c5bbae2d3_jpg.rf.8ee670e19135347ccd0dcf548e493f53.jpg</filename>
	<path>07b9bbb0-fce1-485d-94d1-d71c5bbae2d3_jpg.rf.8ee670e19135347ccd0dcf548e493f53.jpg</path>
	<source>
		<database>roboflow.ai</database>
	</source>
	<size>
		<width>416</width>
		<height>416</height>
		<depth>3</depth>
	</size>
	<segmented>0</segmented>
	<object>
		<name>Turquoisestone</name>
		<pose>Unspecified</pose>
		<truncated>0</truncated>
		<difficult>0</difficult>
		<occluded>0</occluded>
		<bndbox>
			<xmin>16</xmin>
			<xmax>39</xmax>
			<ymin>328</ymin>
			<ymax>373</ymax>
		</bndbox>
	</object>
	<object>
		<name>Bluestone</name>
		<pose>Unspecified</pose>
		<truncated>0</truncated>
		<difficult>0</difficult>
		<occluded>0</occluded>
		<bndbox>
			<xmin>4</xmin>
			<xmax>27</xmax>
			<ymin>240</ymin>
			<ymax>286</ymax>
		</bndbox>
	</object>
	<object>
		<name>Blackstone</name>
		<pose>Unspecified</pose>
		<truncated>0</truncated>
		<difficult>0</difficult>
		<occluded>0</occluded>
		<bndbox>
			<xmin>114</xmin>
			<xmax>171</xmax>
			<ymin>194</ymin>
			<ymax>252</ymax>
		</bndbox>
	</object>
	<object>
		<name>Blackstone</name>
		<pose>Unspecified</pose>
		<truncated>0</truncated>
		<difficult>0</difficult>
		<occluded>0</occluded>
		<bndbox>
			<xmin>150</xmin>
			<xmax>212</xmax>
			<ymin>240</ymin>
			<ymax>307</ymax>
		</bndbox>
	</object>
	<object>
		<name>Blackstone</name>
		<pose>Unspecified</pose>
		<truncated>0</truncated>
		<difficult>0</difficult>
		<occluded>0</occluded>
		<bndbox>
			<xmin>149</xmin>
			<xmax>225</xmax>
			<ymin>143</ymin>
			<ymax>215</ymax>
		</bndbox>
	</object>
	<object>
		<name>Blackstone</name>
		<pose>Unspecified</pose>
		<truncated>0</truncated>
		<difficult>0</difficult>
		<occluded>0</occluded>
		<bndbox>
			<xmin>181</xmin>
			<xmax>245</xmax>
			<ymin>201</ymin>
			<ymax>271</ymax>
		</bndbox>
	</object>
	<object>
		<name>Blackstone</name>
		<pose>Unspecified</pose>
		<truncated>0</truncated>
		<difficult>0</difficult>
		<occluded>0</occluded>
		<bndbox>
			<xmin>172</xmin>
			<xmax>232</xmax>
			<ymin>96</ymin>
			<ymax>153</ymax>
		</bndbox>
	</object>
	<object>
		<name>Brownstone</name>
		<pose>Unspecified</pose>
		<truncated>0</truncated>
		<difficult>0</difficult>
		<occluded>0</occluded>
		<bndbox>
			<xmin>236</xmin>
			<xmax>282</xmax>
			<ymin>330</ymin>
			<ymax>379</ymax>
		</bndbox>
	</object>
	<object>
		<name>Blackstone</name>
		<pose>Unspecified</pose>
		<truncated>0</truncated>
		<difficult>0</difficult>
		<occluded>0</occluded>
		<bndbox>
			<xmin>216</xmin>
			<xmax>267</xmax>
			<ymin>131</ymin>
			<ymax>187</ymax>
		</bndbox>
	</object>
	<object>
		<name>Blackstone</name>
		<pose>Unspecified</pose>
		<truncated>0</truncated>
		<difficult>0</difficult>
		<occluded>0</occluded>
		<bndbox>
			<xmin>233</xmin>
			<xmax>308</xmax>
			<ymin>185</ymin>
			<ymax>263</ymax>
		</bndbox>
	</object>
</annotation>
