<annotation>
	<folder></folder>
	<filename>20220617_191923_mp4-48_jpg.rf.897bb7c20861c1ff51039807df0c4054.jpg</filename>
	<path>20220617_191923_mp4-48_jpg.rf.897bb7c20861c1ff51039807df0c4054.jpg</path>
	<source>
		<database>roboflow.ai</database>
	</source>
	<size>
		<width>416</width>
		<height>416</height>
		<depth>3</depth>
	</size>
	<segmented>0</segmented>
	<object>
		<name>Jadestone</name>
		<pose>Unspecified</pose>
		<truncated>0</truncated>
		<difficult>0</difficult>
		<occluded>0</occluded>
		<bndbox>
			<xmin>1</xmin>
			<xmax>50</xmax>
			<ymin>39</ymin>
			<ymax>97</ymax>
		</bndbox>
	</object>
	<object>
		<name>Brownstone</name>
		<pose>Unspecified</pose>
		<truncated>0</truncated>
		<difficult>0</difficult>
		<occluded>0</occluded>
		<bndbox>
			<xmin>60</xmin>
			<xmax>161</xmax>
			<ymin>203</ymin>
			<ymax>277</ymax>
		</bndbox>
	</object>
	<object>
		<name>Jadestone</name>
		<pose>Unspecified</pose>
		<truncated>0</truncated>
		<difficult>0</difficult>
		<occluded>0</occluded>
		<bndbox>
			<xmin>51</xmin>
			<xmax>141</xmax>
			<ymin>32</ymin>
			<ymax>97</ymax>
		</bndbox>
	</object>
	<object>
		<name>Brownstone</name>
		<pose>Unspecified</pose>
		<truncated>0</truncated>
		<difficult>0</difficult>
		<occluded>0</occluded>
		<bndbox>
			<xmin>148</xmin>
			<xmax>266</xmax>
			<ymin>210</ymin>
			<ymax>301</ymax>
		</bndbox>
	</object>
	<object>
		<name>Jadestone</name>
		<pose>Unspecified</pose>
		<truncated>0</truncated>
		<difficult>0</difficult>
		<occluded>0</occluded>
		<bndbox>
			<xmin>103</xmin>
			<xmax>188</xmax>
			<ymin>2</ymin>
			<ymax>44</ymax>
		</bndbox>
	</object>
	<object>
		<name>Brownstone</name>
		<pose>Unspecified</pose>
		<truncated>0</truncated>
		<difficult>0</difficult>
		<occluded>0</occluded>
		<bndbox>
			<xmin>138</xmin>
			<xmax>236</xmax>
			<ymin>135</ymin>
			<ymax>208</ymax>
		</bndbox>
	</object>
	<object>
		<name>Turquoisestone</name>
		<pose>Unspecified</pose>
		<truncated>0</truncated>
		<difficult>0</difficult>
		<occluded>0</occluded>
		<bndbox>
			<xmin>207</xmin>
			<xmax>334</xmax>
			<ymin>339</ymin>
			<ymax>416</ymax>
		</bndbox>
	</object>
	<object>
		<name>Brownstone</name>
		<pose>Unspecified</pose>
		<truncated>0</truncated>
		<difficult>0</difficult>
		<occluded>0</occluded>
		<bndbox>
			<xmin>208</xmin>
			<xmax>319</xmax>
			<ymin>125</ymin>
			<ymax>205</ymax>
		</bndbox>
	</object>
	<object>
		<name>Turquoisestone</name>
		<pose>Unspecified</pose>
		<truncated>0</truncated>
		<difficult>0</difficult>
		<occluded>0</occluded>
		<bndbox>
			<xmin>308</xmin>
			<xmax>416</xmax>
			<ymin>281</ymin>
			<ymax>384</ymax>
		</bndbox>
	</object>
</annotation>
