<annotation>
	<folder></folder>
	<filename>20220617_191640_mp4-83_jpg.rf.b0f5c9af63b540b6ead5785da121aefb.jpg</filename>
	<path>20220617_191640_mp4-83_jpg.rf.b0f5c9af63b540b6ead5785da121aefb.jpg</path>
	<source>
		<database>roboflow.ai</database>
	</source>
	<size>
		<width>416</width>
		<height>416</height>
		<depth>3</depth>
	</size>
	<segmented>0</segmented>
	<object>
		<name>Bluestone</name>
		<pose>Unspecified</pose>
		<truncated>0</truncated>
		<difficult>0</difficult>
		<occluded>0</occluded>
		<bndbox>
			<xmin>248</xmin>
			<xmax>372</xmax>
			<ymin>230</ymin>
			<ymax>347</ymax>
		</bndbox>
	</object>
	<object>
		<name>Bluestone</name>
		<pose>Unspecified</pose>
		<truncated>0</truncated>
		<difficult>0</difficult>
		<occluded>0</occluded>
		<bndbox>
			<xmin>205</xmin>
			<xmax>385</xmax>
			<ymin>125</ymin>
			<ymax>288</ymax>
		</bndbox>
	</object>
	<object>
		<name>Bluestone</name>
		<pose>Unspecified</pose>
		<truncated>0</truncated>
		<difficult>0</difficult>
		<occluded>0</occluded>
		<bndbox>
			<xmin>125</xmin>
			<xmax>304</xmax>
			<ymin>163</ymin>
			<ymax>319</ymax>
		</bndbox>
	</object>
</annotation>
