<annotation>
	<folder></folder>
	<filename>20220617_191923_mp4-88_jpg.rf.2df4e83819e282f4398c402df6acf107.jpg</filename>
	<path>20220617_191923_mp4-88_jpg.rf.2df4e83819e282f4398c402df6acf107.jpg</path>
	<source>
		<database>roboflow.ai</database>
	</source>
	<size>
		<width>416</width>
		<height>416</height>
		<depth>3</depth>
	</size>
	<segmented>0</segmented>
	<object>
		<name>Bluestone</name>
		<pose>Unspecified</pose>
		<truncated>0</truncated>
		<difficult>0</difficult>
		<occluded>0</occluded>
		<bndbox>
			<xmin>1</xmin>
			<xmax>72</xmax>
			<ymin>115</ymin>
			<ymax>225</ymax>
		</bndbox>
	</object>
</annotation>
