<annotation>
	<folder></folder>
	<filename>20220617_191640_mp4-102_jpg.rf.19454ce4a36c8a8d0dab5e59c5fbd110.jpg</filename>
	<path>20220617_191640_mp4-102_jpg.rf.19454ce4a36c8a8d0dab5e59c5fbd110.jpg</path>
	<source>
		<database>roboflow.ai</database>
	</source>
	<size>
		<width>416</width>
		<height>416</height>
		<depth>3</depth>
	</size>
	<segmented>0</segmented>
	<object>
		<name>Bluestone</name>
		<pose>Unspecified</pose>
		<truncated>0</truncated>
		<difficult>0</difficult>
		<occluded>0</occluded>
		<bndbox>
			<xmin>281</xmin>
			<xmax>345</xmax>
			<ymin>256</ymin>
			<ymax>334</ymax>
		</bndbox>
	</object>
	<object>
		<name>Bluestone</name>
		<pose>Unspecified</pose>
		<truncated>0</truncated>
		<difficult>0</difficult>
		<occluded>0</occluded>
		<bndbox>
			<xmin>290</xmin>
			<xmax>357</xmax>
			<ymin>218</ymin>
			<ymax>309</ymax>
		</bndbox>
	</object>
	<object>
		<name>Brownstone</name>
		<pose>Unspecified</pose>
		<truncated>0</truncated>
		<difficult>0</difficult>
		<occluded>0</occluded>
		<bndbox>
			<xmin>311</xmin>
			<xmax>384</xmax>
			<ymin>58</ymin>
			<ymax>142</ymax>
		</bndbox>
	</object>
	<object>
		<name>Brownstone</name>
		<pose>Unspecified</pose>
		<truncated>0</truncated>
		<difficult>0</difficult>
		<occluded>0</occluded>
		<bndbox>
			<xmin>310</xmin>
			<xmax>372</xmax>
			<ymin>1</ymin>
			<ymax>79</ymax>
		</bndbox>
	</object>
</annotation>
