<annotation>
	<folder></folder>
	<filename>20220617_191923_mp4-98_jpg.rf.3eaaf22c2470ed5d87d8654749235cce.jpg</filename>
	<path>20220617_191923_mp4-98_jpg.rf.3eaaf22c2470ed5d87d8654749235cce.jpg</path>
	<source>
		<database>roboflow.ai</database>
	</source>
	<size>
		<width>416</width>
		<height>416</height>
		<depth>3</depth>
	</size>
	<segmented>0</segmented>
	<object>
		<name>Bluestone</name>
		<pose>Unspecified</pose>
		<truncated>0</truncated>
		<difficult>0</difficult>
		<occluded>0</occluded>
		<bndbox>
			<xmin>236</xmin>
			<xmax>349</xmax>
			<ymin>341</ymin>
			<ymax>413</ymax>
		</bndbox>
	</object>
	<object>
		<name>Bluestone</name>
		<pose>Unspecified</pose>
		<truncated>0</truncated>
		<difficult>0</difficult>
		<occluded>0</occluded>
		<bndbox>
			<xmin>328</xmin>
			<xmax>416</xmax>
			<ymin>320</ymin>
			<ymax>398</ymax>
		</bndbox>
	</object>
</annotation>
