<annotation>
	<folder></folder>
	<filename>20220617_190806_mp4-17_jpg.rf.69a8d0cecf5879915ab0fda71a1d3faf.jpg</filename>
	<path>20220617_190806_mp4-17_jpg.rf.69a8d0cecf5879915ab0fda71a1d3faf.jpg</path>
	<source>
		<database>roboflow.ai</database>
	</source>
	<size>
		<width>416</width>
		<height>416</height>
		<depth>3</depth>
	</size>
	<segmented>0</segmented>
	<object>
		<name>Turquoisestone</name>
		<pose>Unspecified</pose>
		<truncated>0</truncated>
		<difficult>0</difficult>
		<occluded>0</occluded>
		<bndbox>
			<xmin>156</xmin>
			<xmax>249</xmax>
			<ymin>397</ymin>
			<ymax>416</ymax>
		</bndbox>
	</object>
	<object>
		<name>Jadestone</name>
		<pose>Unspecified</pose>
		<truncated>0</truncated>
		<difficult>0</difficult>
		<occluded>0</occluded>
		<bndbox>
			<xmin>149</xmin>
			<xmax>253</xmax>
			<ymin>320</ymin>
			<ymax>416</ymax>
		</bndbox>
	</object>
	<object>
		<name>Turquoisestone</name>
		<pose>Unspecified</pose>
		<truncated>0</truncated>
		<difficult>0</difficult>
		<occluded>0</occluded>
		<bndbox>
			<xmin>228</xmin>
			<xmax>307</xmax>
			<ymin>362</ymin>
			<ymax>416</ymax>
		</bndbox>
	</object>
</annotation>
