<annotation>
	<folder></folder>
	<filename>20220617_191923_mp4-84_jpg.rf.b5831c889d07343e75547b7297c8eeb7.jpg</filename>
	<path>20220617_191923_mp4-84_jpg.rf.b5831c889d07343e75547b7297c8eeb7.jpg</path>
	<source>
		<database>roboflow.ai</database>
	</source>
	<size>
		<width>416</width>
		<height>416</height>
		<depth>3</depth>
	</size>
	<segmented>0</segmented>
	<object>
		<name>Bluestone</name>
		<pose>Unspecified</pose>
		<truncated>0</truncated>
		<difficult>0</difficult>
		<occluded>0</occluded>
		<bndbox>
			<xmin>242</xmin>
			<xmax>333</xmax>
			<ymin>338</ymin>
			<ymax>407</ymax>
		</bndbox>
	</object>
	<object>
		<name>Bluestone</name>
		<pose>Unspecified</pose>
		<truncated>0</truncated>
		<difficult>0</difficult>
		<occluded>0</occluded>
		<bndbox>
			<xmin>209</xmin>
			<xmax>307</xmax>
			<ymin>371</ymin>
			<ymax>416</ymax>
		</bndbox>
	</object>
</annotation>
