<annotation>
	<folder></folder>
	<filename>20220617_191640_mp4-83_jpg.rf.1b3b311489ff878481594fff72da0522.jpg</filename>
	<path>20220617_191640_mp4-83_jpg.rf.1b3b311489ff878481594fff72da0522.jpg</path>
	<source>
		<database>roboflow.ai</database>
	</source>
	<size>
		<width>416</width>
		<height>416</height>
		<depth>3</depth>
	</size>
	<segmented>0</segmented>
	<object>
		<name>Bluestone</name>
		<pose>Unspecified</pose>
		<truncated>0</truncated>
		<difficult>0</difficult>
		<occluded>0</occluded>
		<bndbox>
			<xmin>180</xmin>
			<xmax>258</xmax>
			<ymin>29</ymin>
			<ymax>132</ymax>
		</bndbox>
	</object>
	<object>
		<name>Bluestone</name>
		<pose>Unspecified</pose>
		<truncated>0</truncated>
		<difficult>0</difficult>
		<occluded>0</occluded>
		<bndbox>
			<xmin>112</xmin>
			<xmax>211</xmax>
			<ymin>61</ymin>
			<ymax>218</ymax>
		</bndbox>
	</object>
	<object>
		<name>Bluestone</name>
		<pose>Unspecified</pose>
		<truncated>0</truncated>
		<difficult>0</difficult>
		<occluded>0</occluded>
		<bndbox>
			<xmin>191</xmin>
			<xmax>279</xmax>
			<ymin>104</ymin>
			<ymax>267</ymax>
		</bndbox>
	</object>
</annotation>
