<annotation>
	<folder></folder>
	<filename>20220617_191923_mp4-98_jpg.rf.cfb5de25d61ea361ff351aa6a1ea6ae8.jpg</filename>
	<path>20220617_191923_mp4-98_jpg.rf.cfb5de25d61ea361ff351aa6a1ea6ae8.jpg</path>
	<source>
		<database>roboflow.ai</database>
	</source>
	<size>
		<width>416</width>
		<height>416</height>
		<depth>3</depth>
	</size>
	<segmented>0</segmented>
	<object>
		<name>Bluestone</name>
		<pose>Unspecified</pose>
		<truncated>0</truncated>
		<difficult>0</difficult>
		<occluded>0</occluded>
		<bndbox>
			<xmin>82</xmin>
			<xmax>191</xmax>
			<ymin>350</ymin>
			<ymax>415</ymax>
		</bndbox>
	</object>
	<object>
		<name>Bluestone</name>
		<pose>Unspecified</pose>
		<truncated>0</truncated>
		<difficult>0</difficult>
		<occluded>0</occluded>
		<bndbox>
			<xmin>4</xmin>
			<xmax>98</xmax>
			<ymin>336</ymin>
			<ymax>406</ymax>
		</bndbox>
	</object>
</annotation>
