<annotation>
	<folder></folder>
	<filename>20220617_190806_mp4-79_jpg.rf.575c2d848c1233b79d9669fd9417e23c.jpg</filename>
	<path>20220617_190806_mp4-79_jpg.rf.575c2d848c1233b79d9669fd9417e23c.jpg</path>
	<source>
		<database>roboflow.ai</database>
	</source>
	<size>
		<width>416</width>
		<height>416</height>
		<depth>3</depth>
	</size>
	<segmented>0</segmented>
	<object>
		<name>Bluestone</name>
		<pose>Unspecified</pose>
		<truncated>0</truncated>
		<difficult>0</difficult>
		<occluded>0</occluded>
		<bndbox>
			<xmin>202</xmin>
			<xmax>304</xmax>
			<ymin>283</ymin>
			<ymax>407</ymax>
		</bndbox>
	</object>
	<object>
		<name>Bluestone</name>
		<pose>Unspecified</pose>
		<truncated>0</truncated>
		<difficult>0</difficult>
		<occluded>0</occluded>
		<bndbox>
			<xmin>205</xmin>
			<xmax>332</xmax>
			<ymin>157</ymin>
			<ymax>313</ymax>
		</bndbox>
	</object>
	<object>
		<name>Turquoisestone</name>
		<pose>Unspecified</pose>
		<truncated>0</truncated>
		<difficult>0</difficult>
		<occluded>0</occluded>
		<bndbox>
			<xmin>18</xmin>
			<xmax>122</xmax>
			<ymin>271</ymin>
			<ymax>410</ymax>
		</bndbox>
	</object>
	<object>
		<name>Bluestone</name>
		<pose>Unspecified</pose>
		<truncated>0</truncated>
		<difficult>0</difficult>
		<occluded>0</occluded>
		<bndbox>
			<xmin>121</xmin>
			<xmax>246</xmax>
			<ymin>190</ymin>
			<ymax>342</ymax>
		</bndbox>
	</object>
</annotation>
