<annotation>
	<folder></folder>
	<filename>20220617_191923_mp4-101_jpg.rf.61b23906366e39f71342261df08e019f.jpg</filename>
	<path>20220617_191923_mp4-101_jpg.rf.61b23906366e39f71342261df08e019f.jpg</path>
	<source>
		<database>roboflow.ai</database>
	</source>
	<size>
		<width>416</width>
		<height>416</height>
		<depth>3</depth>
	</size>
	<segmented>0</segmented>
	<object>
		<name>Bluestone</name>
		<pose>Unspecified</pose>
		<truncated>0</truncated>
		<difficult>0</difficult>
		<occluded>0</occluded>
		<bndbox>
			<xmin>255</xmin>
			<xmax>334</xmax>
			<ymin>90</ymin>
			<ymax>222</ymax>
		</bndbox>
	</object>
	<object>
		<name>Bluestone</name>
		<pose>Unspecified</pose>
		<truncated>0</truncated>
		<difficult>0</difficult>
		<occluded>0</occluded>
		<bndbox>
			<xmin>225</xmin>
			<xmax>293</xmax>
			<ymin>155</ymin>
			<ymax>281</ymax>
		</bndbox>
	</object>
</annotation>
