<annotation>
	<folder></folder>
	<filename>20220617_190806_mp4-14_jpg.rf.bf62f9ffc7ce87444f0111e7028e450b.jpg</filename>
	<path>20220617_190806_mp4-14_jpg.rf.bf62f9ffc7ce87444f0111e7028e450b.jpg</path>
	<source>
		<database>roboflow.ai</database>
	</source>
	<size>
		<width>416</width>
		<height>416</height>
		<depth>3</depth>
	</size>
	<segmented>0</segmented>
	<object>
		<name>Brownstone</name>
		<pose>Unspecified</pose>
		<truncated>0</truncated>
		<difficult>0</difficult>
		<occluded>0</occluded>
		<bndbox>
			<xmin>66</xmin>
			<xmax>150</xmax>
			<ymin>344</ymin>
			<ymax>400</ymax>
		</bndbox>
	</object>
</annotation>
