<annotation>
	<folder></folder>
	<filename>20220617_191640_mp4-54_jpg.rf.1a822783723a3a867f84dfca64a4ce2a.jpg</filename>
	<path>20220617_191640_mp4-54_jpg.rf.1a822783723a3a867f84dfca64a4ce2a.jpg</path>
	<source>
		<database>roboflow.ai</database>
	</source>
	<size>
		<width>416</width>
		<height>416</height>
		<depth>3</depth>
	</size>
	<segmented>0</segmented>
	<object>
		<name>Brownstone</name>
		<pose>Unspecified</pose>
		<truncated>0</truncated>
		<difficult>0</difficult>
		<occluded>0</occluded>
		<bndbox>
			<xmin>272</xmin>
			<xmax>404</xmax>
			<ymin>174</ymin>
			<ymax>270</ymax>
		</bndbox>
	</object>
	<object>
		<name>Brownstone</name>
		<pose>Unspecified</pose>
		<truncated>0</truncated>
		<difficult>0</difficult>
		<occluded>0</occluded>
		<bndbox>
			<xmin>185</xmin>
			<xmax>325</xmax>
			<ymin>231</ymin>
			<ymax>332</ymax>
		</bndbox>
	</object>
	<object>
		<name>Brownstone</name>
		<pose>Unspecified</pose>
		<truncated>0</truncated>
		<difficult>0</difficult>
		<occluded>0</occluded>
		<bndbox>
			<xmin>148</xmin>
			<xmax>319</xmax>
			<ymin>107</ymin>
			<ymax>234</ymax>
		</bndbox>
	</object>
	<object>
		<name>Brownstone</name>
		<pose>Unspecified</pose>
		<truncated>0</truncated>
		<difficult>0</difficult>
		<occluded>0</occluded>
		<bndbox>
			<xmin>64</xmin>
			<xmax>235</xmax>
			<ymin>183</ymin>
			<ymax>296</ymax>
		</bndbox>
	</object>
</annotation>
