<annotation>
	<folder></folder>
	<filename>20220617_190806_mp4-89_jpg.rf.7f3a465f3a47ccce036873df05f3e91f.jpg</filename>
	<path>20220617_190806_mp4-89_jpg.rf.7f3a465f3a47ccce036873df05f3e91f.jpg</path>
	<source>
		<database>roboflow.ai</database>
	</source>
	<size>
		<width>416</width>
		<height>416</height>
		<depth>3</depth>
	</size>
	<segmented>0</segmented>
	<object>
		<name>Turquoisestone</name>
		<pose>Unspecified</pose>
		<truncated>0</truncated>
		<difficult>0</difficult>
		<occluded>0</occluded>
		<bndbox>
			<xmin>185</xmin>
			<xmax>231</xmax>
			<ymin>1</ymin>
			<ymax>43</ymax>
		</bndbox>
	</object>
	<object>
		<name>Brownstone</name>
		<pose>Unspecified</pose>
		<truncated>0</truncated>
		<difficult>0</difficult>
		<occluded>0</occluded>
		<bndbox>
			<xmin>334</xmin>
			<xmax>384</xmax>
			<ymin>298</ymin>
			<ymax>370</ymax>
		</bndbox>
	</object>
	<object>
		<name>Brownstone</name>
		<pose>Unspecified</pose>
		<truncated>0</truncated>
		<difficult>0</difficult>
		<occluded>0</occluded>
		<bndbox>
			<xmin>382</xmin>
			<xmax>416</xmax>
			<ymin>284</ymin>
			<ymax>354</ymax>
		</bndbox>
	</object>
	<object>
		<name>Jadestone</name>
		<pose>Unspecified</pose>
		<truncated>0</truncated>
		<difficult>0</difficult>
		<occluded>0</occluded>
		<bndbox>
			<xmin>45</xmin>
			<xmax>96</xmax>
			<ymin>313</ymin>
			<ymax>384</ymax>
		</bndbox>
	</object>
	<object>
		<name>Brownstone</name>
		<pose>Unspecified</pose>
		<truncated>0</truncated>
		<difficult>0</difficult>
		<occluded>0</occluded>
		<bndbox>
			<xmin>350</xmin>
			<xmax>400</xmax>
			<ymin>242</ymin>
			<ymax>314</ymax>
		</bndbox>
	</object>
	<object>
		<name>Yellowstone</name>
		<pose>Unspecified</pose>
		<truncated>0</truncated>
		<difficult>0</difficult>
		<occluded>0</occluded>
		<bndbox>
			<xmin>34</xmin>
			<xmax>81</xmax>
			<ymin>155</ymin>
			<ymax>220</ymax>
		</bndbox>
	</object>
	<object>
		<name>Bluestone</name>
		<pose>Unspecified</pose>
		<truncated>0</truncated>
		<difficult>0</difficult>
		<occluded>0</occluded>
		<bndbox>
			<xmin>366</xmin>
			<xmax>414</xmax>
			<ymin>93</ymin>
			<ymax>179</ymax>
		</bndbox>
	</object>
	<object>
		<name>Jadestone</name>
		<pose>Unspecified</pose>
		<truncated>0</truncated>
		<difficult>0</difficult>
		<occluded>0</occluded>
		<bndbox>
			<xmin>33</xmin>
			<xmax>85</xmax>
			<ymin>379</ymin>
			<ymax>416</ymax>
		</bndbox>
	</object>
	<object>
		<name>Yellowstone</name>
		<pose>Unspecified</pose>
		<truncated>0</truncated>
		<difficult>0</difficult>
		<occluded>0</occluded>
		<bndbox>
			<xmin>56</xmin>
			<xmax>102</xmax>
			<ymin>80</ymin>
			<ymax>169</ymax>
		</bndbox>
	</object>
	<object>
		<name>Turquoisestone</name>
		<pose>Unspecified</pose>
		<truncated>0</truncated>
		<difficult>0</difficult>
		<occluded>0</occluded>
		<bndbox>
			<xmin>181</xmin>
			<xmax>241</xmax>
			<ymin>51</ymin>
			<ymax>148</ymax>
		</bndbox>
	</object>
	<object>
		<name>Turquoisestone</name>
		<pose>Unspecified</pose>
		<truncated>0</truncated>
		<difficult>0</difficult>
		<occluded>0</occluded>
		<bndbox>
			<xmin>223</xmin>
			<xmax>284</xmax>
			<ymin>40</ymin>
			<ymax>135</ymax>
		</bndbox>
	</object>
	<object>
		<name>Bluestone</name>
		<pose>Unspecified</pose>
		<truncated>0</truncated>
		<difficult>0</difficult>
		<occluded>0</occluded>
		<bndbox>
			<xmin>357</xmin>
			<xmax>406</xmax>
			<ymin>20</ymin>
			<ymax>99</ymax>
		</bndbox>
	</object>
	<object>
		<name>Jadestone</name>
		<pose>Unspecified</pose>
		<truncated>0</truncated>
		<difficult>0</difficult>
		<occluded>0</occluded>
		<bndbox>
			<xmin>82</xmin>
			<xmax>131</xmax>
			<ymin>367</ymin>
			<ymax>416</ymax>
		</bndbox>
	</object>
	<object>
		<name>Yellowstone</name>
		<pose>Unspecified</pose>
		<truncated>0</truncated>
		<difficult>0</difficult>
		<occluded>0</occluded>
		<bndbox>
			<xmin>1</xmin>
			<xmax>37</xmax>
			<ymin>38</ymin>
			<ymax>143</ymax>
		</bndbox>
	</object>
	<object>
		<name>Turquoisestone</name>
		<pose>Unspecified</pose>
		<truncated>0</truncated>
		<difficult>0</difficult>
		<occluded>0</occluded>
		<bndbox>
			<xmin>261</xmin>
			<xmax>327</xmax>
			<ymin>2</ymin>
			<ymax>91</ymax>
		</bndbox>
	</object>
	<object>
		<name>Yellowstone</name>
		<pose>Unspecified</pose>
		<truncated>0</truncated>
		<difficult>0</difficult>
		<occluded>0</occluded>
		<bndbox>
			<xmin>69</xmin>
			<xmax>120</xmax>
			<ymin>14</ymin>
			<ymax>88</ymax>
		</bndbox>
	</object>
</annotation>
