<annotation>
	<folder></folder>
	<filename>20220617_190806_mp4-13_jpg.rf.4a2ba0db5c8b3c63c3981e0050ed3ec0.jpg</filename>
	<path>20220617_190806_mp4-13_jpg.rf.4a2ba0db5c8b3c63c3981e0050ed3ec0.jpg</path>
	<source>
		<database>roboflow.ai</database>
	</source>
	<size>
		<width>416</width>
		<height>416</height>
		<depth>3</depth>
	</size>
	<segmented>0</segmented>
	<object>
		<name>Jadestone</name>
		<pose>Unspecified</pose>
		<truncated>0</truncated>
		<difficult>0</difficult>
		<occluded>0</occluded>
		<bndbox>
			<xmin>398</xmin>
			<xmax>416</xmax>
			<ymin>191</ymin>
			<ymax>285</ymax>
		</bndbox>
	</object>
	<object>
		<name>Brownstone</name>
		<pose>Unspecified</pose>
		<truncated>0</truncated>
		<difficult>0</difficult>
		<occluded>0</occluded>
		<bndbox>
			<xmin>1</xmin>
			<xmax>82</xmax>
			<ymin>225</ymin>
			<ymax>345</ymax>
		</bndbox>
	</object>
	<object>
		<name>Jadestone</name>
		<pose>Unspecified</pose>
		<truncated>0</truncated>
		<difficult>0</difficult>
		<occluded>0</occluded>
		<bndbox>
			<xmin>394</xmin>
			<xmax>416</xmax>
			<ymin>236</ymin>
			<ymax>328</ymax>
		</bndbox>
	</object>
</annotation>
