<annotation>
	<folder></folder>
	<filename>20220617_191640_mp4-54_jpg.rf.91e47f85116a3faaca6e2a0decaf3592.jpg</filename>
	<path>20220617_191640_mp4-54_jpg.rf.91e47f85116a3faaca6e2a0decaf3592.jpg</path>
	<source>
		<database>roboflow.ai</database>
	</source>
	<size>
		<width>416</width>
		<height>416</height>
		<depth>3</depth>
	</size>
	<segmented>0</segmented>
	<object>
		<name>Brownstone</name>
		<pose>Unspecified</pose>
		<truncated>0</truncated>
		<difficult>0</difficult>
		<occluded>0</occluded>
		<bndbox>
			<xmin>247</xmin>
			<xmax>392</xmax>
			<ymin>78</ymin>
			<ymax>207</ymax>
		</bndbox>
	</object>
	<object>
		<name>Brownstone</name>
		<pose>Unspecified</pose>
		<truncated>0</truncated>
		<difficult>0</difficult>
		<occluded>0</occluded>
		<bndbox>
			<xmin>213</xmin>
			<xmax>367</xmax>
			<ymin>171</ymin>
			<ymax>307</ymax>
		</bndbox>
	</object>
	<object>
		<name>Brownstone</name>
		<pose>Unspecified</pose>
		<truncated>0</truncated>
		<difficult>0</difficult>
		<occluded>0</occluded>
		<bndbox>
			<xmin>112</xmin>
			<xmax>301</xmax>
			<ymin>81</ymin>
			<ymax>249</ymax>
		</bndbox>
	</object>
	<object>
		<name>Brownstone</name>
		<pose>Unspecified</pose>
		<truncated>0</truncated>
		<difficult>0</difficult>
		<occluded>0</occluded>
		<bndbox>
			<xmin>89</xmin>
			<xmax>273</xmax>
			<ymin>191</ymin>
			<ymax>349</ymax>
		</bndbox>
	</object>
</annotation>
