<annotation>
	<folder></folder>
	<filename>20220617_191923_mp4-101_jpg.rf.3f28425738f1f41df7b3a6f39b6bdcc9.jpg</filename>
	<path>20220617_191923_mp4-101_jpg.rf.3f28425738f1f41df7b3a6f39b6bdcc9.jpg</path>
	<source>
		<database>roboflow.ai</database>
	</source>
	<size>
		<width>416</width>
		<height>416</height>
		<depth>3</depth>
	</size>
	<segmented>0</segmented>
	<object>
		<name>Bluestone</name>
		<pose>Unspecified</pose>
		<truncated>0</truncated>
		<difficult>0</difficult>
		<occluded>0</occluded>
		<bndbox>
			<xmin>224</xmin>
			<xmax>372</xmax>
			<ymin>186</ymin>
			<ymax>315</ymax>
		</bndbox>
	</object>
	<object>
		<name>Bluestone</name>
		<pose>Unspecified</pose>
		<truncated>0</truncated>
		<difficult>0</difficult>
		<occluded>0</occluded>
		<bndbox>
			<xmin>158</xmin>
			<xmax>297</xmax>
			<ymin>196</ymin>
			<ymax>313</ymax>
		</bndbox>
	</object>
</annotation>
