<annotation>
	<folder></folder>
	<filename>20220617_191923_mp4-99_jpg.rf.3806061a8aaeaa17a0a01ecf58d18e73.jpg</filename>
	<path>20220617_191923_mp4-99_jpg.rf.3806061a8aaeaa17a0a01ecf58d18e73.jpg</path>
	<source>
		<database>roboflow.ai</database>
	</source>
	<size>
		<width>416</width>
		<height>416</height>
		<depth>3</depth>
	</size>
	<segmented>0</segmented>
	<object>
		<name>Bluestone</name>
		<pose>Unspecified</pose>
		<truncated>0</truncated>
		<difficult>0</difficult>
		<occluded>0</occluded>
		<bndbox>
			<xmin>55</xmin>
			<xmax>183</xmax>
			<ymin>161</ymin>
			<ymax>290</ymax>
		</bndbox>
	</object>
	<object>
		<name>Bluestone</name>
		<pose>Unspecified</pose>
		<truncated>0</truncated>
		<difficult>0</difficult>
		<occluded>0</occluded>
		<bndbox>
			<xmin>135</xmin>
			<xmax>261</xmax>
			<ymin>128</ymin>
			<ymax>256</ymax>
		</bndbox>
	</object>
	<object>
		<name>Bluestone</name>
		<pose>Unspecified</pose>
		<truncated>0</truncated>
		<difficult>0</difficult>
		<occluded>0</occluded>
		<bndbox>
			<xmin>96</xmin>
			<xmax>222</xmax>
			<ymin>73</ymin>
			<ymax>200</ymax>
		</bndbox>
	</object>
</annotation>
