<annotation>
	<folder></folder>
	<filename>20220617_190806_mp4-79_jpg.rf.60eebdbd158ab07c0d025e5867e49000.jpg</filename>
	<path>20220617_190806_mp4-79_jpg.rf.60eebdbd158ab07c0d025e5867e49000.jpg</path>
	<source>
		<database>roboflow.ai</database>
	</source>
	<size>
		<width>416</width>
		<height>416</height>
		<depth>3</depth>
	</size>
	<segmented>0</segmented>
	<object>
		<name>Bluestone</name>
		<pose>Unspecified</pose>
		<truncated>0</truncated>
		<difficult>0</difficult>
		<occluded>0</occluded>
		<bndbox>
			<xmin>239</xmin>
			<xmax>340</xmax>
			<ymin>41</ymin>
			<ymax>165</ymax>
		</bndbox>
	</object>
	<object>
		<name>Bluestone</name>
		<pose>Unspecified</pose>
		<truncated>0</truncated>
		<difficult>0</difficult>
		<occluded>0</occluded>
		<bndbox>
			<xmin>129</xmin>
			<xmax>254</xmax>
			<ymin>75</ymin>
			<ymax>230</ymax>
		</bndbox>
	</object>
	<object>
		<name>Turquoisestone</name>
		<pose>Unspecified</pose>
		<truncated>0</truncated>
		<difficult>0</difficult>
		<occluded>0</occluded>
		<bndbox>
			<xmin>338</xmin>
			<xmax>416</xmax>
			<ymin>185</ymin>
			<ymax>326</ymax>
		</bndbox>
	</object>
	<object>
		<name>Bluestone</name>
		<pose>Unspecified</pose>
		<truncated>0</truncated>
		<difficult>0</difficult>
		<occluded>0</occluded>
		<bndbox>
			<xmin>203</xmin>
			<xmax>326</xmax>
			<ymin>129</ymin>
			<ymax>280</ymax>
		</bndbox>
	</object>
</annotation>
