<annotation>
	<folder></folder>
	<filename>20220617_191640_mp4-84_jpg.rf.b6a142ad97a8505e64c1884bb3a55c3e.jpg</filename>
	<path>20220617_191640_mp4-84_jpg.rf.b6a142ad97a8505e64c1884bb3a55c3e.jpg</path>
	<source>
		<database>roboflow.ai</database>
	</source>
	<size>
		<width>416</width>
		<height>416</height>
		<depth>3</depth>
	</size>
	<segmented>0</segmented>
	<object>
		<name>Bluestone</name>
		<pose>Unspecified</pose>
		<truncated>0</truncated>
		<difficult>0</difficult>
		<occluded>0</occluded>
		<bndbox>
			<xmin>201</xmin>
			<xmax>328</xmax>
			<ymin>197</ymin>
			<ymax>321</ymax>
		</bndbox>
	</object>
	<object>
		<name>Bluestone</name>
		<pose>Unspecified</pose>
		<truncated>0</truncated>
		<difficult>0</difficult>
		<occluded>0</occluded>
		<bndbox>
			<xmin>148</xmin>
			<xmax>301</xmax>
			<ymin>127</ymin>
			<ymax>276</ymax>
		</bndbox>
	</object>
	<object>
		<name>Bluestone</name>
		<pose>Unspecified</pose>
		<truncated>0</truncated>
		<difficult>0</difficult>
		<occluded>0</occluded>
		<bndbox>
			<xmin>230</xmin>
			<xmax>385</xmax>
			<ymin>89</ymin>
			<ymax>239</ymax>
		</bndbox>
	</object>
</annotation>
