<annotation>
	<folder></folder>
	<filename>20220617_191923_mp4-54_jpg.rf.6f8da52d51adf7eb46b736ff6f7556e4.jpg</filename>
	<path>20220617_191923_mp4-54_jpg.rf.6f8da52d51adf7eb46b736ff6f7556e4.jpg</path>
	<source>
		<database>roboflow.ai</database>
	</source>
	<size>
		<width>416</width>
		<height>416</height>
		<depth>3</depth>
	</size>
	<segmented>0</segmented>
	<object>
		<name>Jadestone</name>
		<pose>Unspecified</pose>
		<truncated>0</truncated>
		<difficult>0</difficult>
		<occluded>0</occluded>
		<bndbox>
			<xmin>121</xmin>
			<xmax>229</xmax>
			<ymin>370</ymin>
			<ymax>416</ymax>
		</bndbox>
	</object>
	<object>
		<name>Brownstone</name>
		<pose>Unspecified</pose>
		<truncated>0</truncated>
		<difficult>0</difficult>
		<occluded>0</occluded>
		<bndbox>
			<xmin>269</xmin>
			<xmax>396</xmax>
			<ymin>162</ymin>
			<ymax>296</ymax>
		</bndbox>
	</object>
	<object>
		<name>Brownstone</name>
		<pose>Unspecified</pose>
		<truncated>0</truncated>
		<difficult>0</difficult>
		<occluded>0</occluded>
		<bndbox>
			<xmin>195</xmin>
			<xmax>315</xmax>
			<ymin>222</ymin>
			<ymax>349</ymax>
		</bndbox>
	</object>
	<object>
		<name>Jadestone</name>
		<pose>Unspecified</pose>
		<truncated>0</truncated>
		<difficult>0</difficult>
		<occluded>0</occluded>
		<bndbox>
			<xmin>52</xmin>
			<xmax>142</xmax>
			<ymin>323</ymin>
			<ymax>416</ymax>
		</bndbox>
	</object>
	<object>
		<name>Brownstone</name>
		<pose>Unspecified</pose>
		<truncated>0</truncated>
		<difficult>0</difficult>
		<occluded>0</occluded>
		<bndbox>
			<xmin>155</xmin>
			<xmax>269</xmax>
			<ymin>135</ymin>
			<ymax>255</ymax>
		</bndbox>
	</object>
	<object>
		<name>Turquoisestone</name>
		<pose>Unspecified</pose>
		<truncated>0</truncated>
		<difficult>0</difficult>
		<occluded>0</occluded>
		<bndbox>
			<xmin>265</xmin>
			<xmax>371</xmax>
			<ymin>1</ymin>
			<ymax>111</ymax>
		</bndbox>
	</object>
	<object>
		<name>Yellowstone</name>
		<pose>Unspecified</pose>
		<truncated>0</truncated>
		<difficult>0</difficult>
		<occluded>0</occluded>
		<bndbox>
			<xmin>1</xmin>
			<xmax>94</xmax>
			<ymin>70</ymin>
			<ymax>164</ymax>
		</bndbox>
	</object>
</annotation>
