<annotation>
	<folder></folder>
	<filename>20220617_190806_mp4-12_jpg.rf.061881cf896e512847164c86ba1696d3.jpg</filename>
	<path>20220617_190806_mp4-12_jpg.rf.061881cf896e512847164c86ba1696d3.jpg</path>
	<source>
		<database>roboflow.ai</database>
	</source>
	<size>
		<width>416</width>
		<height>416</height>
		<depth>3</depth>
	</size>
	<segmented>0</segmented>
	<object>
		<name>Jadestone</name>
		<pose>Unspecified</pose>
		<truncated>0</truncated>
		<difficult>0</difficult>
		<occluded>0</occluded>
		<bndbox>
			<xmin>1</xmin>
			<xmax>31</xmax>
			<ymin>62</ymin>
			<ymax>129</ymax>
		</bndbox>
	</object>
	<object>
		<name>Jadestone</name>
		<pose>Unspecified</pose>
		<truncated>0</truncated>
		<difficult>0</difficult>
		<occluded>0</occluded>
		<bndbox>
			<xmin>1</xmin>
			<xmax>71</xmax>
			<ymin>88</ymin>
			<ymax>180</ymax>
		</bndbox>
	</object>
	<object>
		<name>Jadestone</name>
		<pose>Unspecified</pose>
		<truncated>0</truncated>
		<difficult>0</difficult>
		<occluded>0</occluded>
		<bndbox>
			<xmin>24</xmin>
			<xmax>138</xmax>
			<ymin>22</ymin>
			<ymax>105</ymax>
		</bndbox>
	</object>
	<object>
		<name>Jadestone</name>
		<pose>Unspecified</pose>
		<truncated>0</truncated>
		<difficult>0</difficult>
		<occluded>0</occluded>
		<bndbox>
			<xmin>1</xmin>
			<xmax>44</xmax>
			<ymin>134</ymin>
			<ymax>217</ymax>
		</bndbox>
	</object>
</annotation>
