<annotation>
	<folder></folder>
	<filename>20220617_191923_mp4-99_jpg.rf.04aa68bdb0f1c7fff453fb0c1052b640.jpg</filename>
	<path>20220617_191923_mp4-99_jpg.rf.04aa68bdb0f1c7fff453fb0c1052b640.jpg</path>
	<source>
		<database>roboflow.ai</database>
	</source>
	<size>
		<width>416</width>
		<height>416</height>
		<depth>3</depth>
	</size>
	<segmented>0</segmented>
	<object>
		<name>Bluestone</name>
		<pose>Unspecified</pose>
		<truncated>0</truncated>
		<difficult>0</difficult>
		<occluded>0</occluded>
		<bndbox>
			<xmin>220</xmin>
			<xmax>296</xmax>
			<ymin>228</ymin>
			<ymax>349</ymax>
		</bndbox>
	</object>
	<object>
		<name>Bluestone</name>
		<pose>Unspecified</pose>
		<truncated>0</truncated>
		<difficult>0</difficult>
		<occluded>0</occluded>
		<bndbox>
			<xmin>198</xmin>
			<xmax>266</xmax>
			<ymin>143</ymin>
			<ymax>270</ymax>
		</bndbox>
	</object>
	<object>
		<name>Bluestone</name>
		<pose>Unspecified</pose>
		<truncated>0</truncated>
		<difficult>0</difficult>
		<occluded>0</occluded>
		<bndbox>
			<xmin>259</xmin>
			<xmax>338</xmax>
			<ymin>143</ymin>
			<ymax>258</ymax>
		</bndbox>
	</object>
</annotation>
