<annotation>
	<folder></folder>
	<filename>20220617_191923_mp4-104_jpg.rf.bd35e2f2ef311d5bed5973e83c79df3d.jpg</filename>
	<path>20220617_191923_mp4-104_jpg.rf.bd35e2f2ef311d5bed5973e83c79df3d.jpg</path>
	<source>
		<database>roboflow.ai</database>
	</source>
	<size>
		<width>416</width>
		<height>416</height>
		<depth>3</depth>
	</size>
	<segmented>0</segmented>
	<object>
		<name>Bluestone</name>
		<pose>Unspecified</pose>
		<truncated>0</truncated>
		<difficult>0</difficult>
		<occluded>0</occluded>
		<bndbox>
			<xmin>137</xmin>
			<xmax>299</xmax>
			<ymin>80</ymin>
			<ymax>228</ymax>
		</bndbox>
	</object>
	<object>
		<name>Bluestone</name>
		<pose>Unspecified</pose>
		<truncated>0</truncated>
		<difficult>0</difficult>
		<occluded>0</occluded>
		<bndbox>
			<xmin>117</xmin>
			<xmax>266</xmax>
			<ymin>189</ymin>
			<ymax>324</ymax>
		</bndbox>
	</object>
	<object>
		<name>Bluestone</name>
		<pose>Unspecified</pose>
		<truncated>0</truncated>
		<difficult>0</difficult>
		<occluded>0</occluded>
		<bndbox>
			<xmin>32</xmin>
			<xmax>193</xmax>
			<ymin>81</ymin>
			<ymax>228</ymax>
		</bndbox>
	</object>
</annotation>
