<annotation>
	<folder></folder>
	<filename>20220617_190806_mp4-17_jpg.rf.0bdf627eb5153cff8c506333faa60c6b.jpg</filename>
	<path>20220617_190806_mp4-17_jpg.rf.0bdf627eb5153cff8c506333faa60c6b.jpg</path>
	<source>
		<database>roboflow.ai</database>
	</source>
	<size>
		<width>416</width>
		<height>416</height>
		<depth>3</depth>
	</size>
	<segmented>0</segmented>
	<object>
		<name>Turquoisestone</name>
		<pose>Unspecified</pose>
		<truncated>0</truncated>
		<difficult>0</difficult>
		<occluded>0</occluded>
		<bndbox>
			<xmin>393</xmin>
			<xmax>416</xmax>
			<ymin>179</ymin>
			<ymax>270</ymax>
		</bndbox>
	</object>
	<object>
		<name>Jadestone</name>
		<pose>Unspecified</pose>
		<truncated>0</truncated>
		<difficult>0</difficult>
		<occluded>0</occluded>
		<bndbox>
			<xmin>318</xmin>
			<xmax>416</xmax>
			<ymin>173</ymin>
			<ymax>275</ymax>
		</bndbox>
	</object>
	<object>
		<name>Turquoisestone</name>
		<pose>Unspecified</pose>
		<truncated>0</truncated>
		<difficult>0</difficult>
		<occluded>0</occluded>
		<bndbox>
			<xmin>362</xmin>
			<xmax>416</xmax>
			<ymin>118</ymin>
			<ymax>198</ymax>
		</bndbox>
	</object>
</annotation>
