<annotation>
	<folder></folder>
	<filename>20220617_191640_mp4-71_jpg.rf.8e58f664a2e674270b9b71450b7e7a2a.jpg</filename>
	<path>20220617_191640_mp4-71_jpg.rf.8e58f664a2e674270b9b71450b7e7a2a.jpg</path>
	<source>
		<database>roboflow.ai</database>
	</source>
	<size>
		<width>416</width>
		<height>416</height>
		<depth>3</depth>
	</size>
	<segmented>0</segmented>
	<object>
		<name>Bluestone</name>
		<pose>Unspecified</pose>
		<truncated>0</truncated>
		<difficult>0</difficult>
		<occluded>0</occluded>
		<bndbox>
			<xmin>217</xmin>
			<xmax>342</xmax>
			<ymin>48</ymin>
			<ymax>229</ymax>
		</bndbox>
	</object>
	<object>
		<name>Bluestone</name>
		<pose>Unspecified</pose>
		<truncated>0</truncated>
		<difficult>0</difficult>
		<occluded>0</occluded>
		<bndbox>
			<xmin>145</xmin>
			<xmax>265</xmax>
			<ymin>1</ymin>
			<ymax>163</ymax>
		</bndbox>
	</object>
	<object>
		<name>Bluestone</name>
		<pose>Unspecified</pose>
		<truncated>0</truncated>
		<difficult>0</difficult>
		<occluded>0</occluded>
		<bndbox>
			<xmin>253</xmin>
			<xmax>363</xmax>
			<ymin>8</ymin>
			<ymax>122</ymax>
		</bndbox>
	</object>
</annotation>
