<annotation>
	<folder></folder>
	<filename>20220617_190806_mp4-46_jpg.rf.271faf353a4b607019180e103cb3f0ef.jpg</filename>
	<path>20220617_190806_mp4-46_jpg.rf.271faf353a4b607019180e103cb3f0ef.jpg</path>
	<source>
		<database>roboflow.ai</database>
	</source>
	<size>
		<width>416</width>
		<height>416</height>
		<depth>3</depth>
	</size>
	<segmented>0</segmented>
	<object>
		<name>Brownstone</name>
		<pose>Unspecified</pose>
		<truncated>0</truncated>
		<difficult>0</difficult>
		<occluded>0</occluded>
		<bndbox>
			<xmin>240</xmin>
			<xmax>312</xmax>
			<ymin>240</ymin>
			<ymax>338</ymax>
		</bndbox>
	</object>
	<object>
		<name>Brownstone</name>
		<pose>Unspecified</pose>
		<truncated>0</truncated>
		<difficult>0</difficult>
		<occluded>0</occluded>
		<bndbox>
			<xmin>161</xmin>
			<xmax>231</xmax>
			<ymin>202</ymin>
			<ymax>299</ymax>
		</bndbox>
	</object>
	<object>
		<name>Brownstone</name>
		<pose>Unspecified</pose>
		<truncated>0</truncated>
		<difficult>0</difficult>
		<occluded>0</occluded>
		<bndbox>
			<xmin>209</xmin>
			<xmax>293</xmax>
			<ymin>119</ymin>
			<ymax>227</ymax>
		</bndbox>
	</object>
	<object>
		<name>Brownstone</name>
		<pose>Unspecified</pose>
		<truncated>0</truncated>
		<difficult>0</difficult>
		<occluded>0</occluded>
		<bndbox>
			<xmin>138</xmin>
			<xmax>210</xmax>
			<ymin>100</ymin>
			<ymax>197</ymax>
		</bndbox>
	</object>
</annotation>
