<annotation>
	<folder></folder>
	<filename>20220617_191923_mp4-105_jpg.rf.591d9df77a212e33965881f47a335cb3.jpg</filename>
	<path>20220617_191923_mp4-105_jpg.rf.591d9df77a212e33965881f47a335cb3.jpg</path>
	<source>
		<database>roboflow.ai</database>
	</source>
	<size>
		<width>416</width>
		<height>416</height>
		<depth>3</depth>
	</size>
	<segmented>0</segmented>
	<object>
		<name>Bluestone</name>
		<pose>Unspecified</pose>
		<truncated>0</truncated>
		<difficult>0</difficult>
		<occluded>0</occluded>
		<bndbox>
			<xmin>204</xmin>
			<xmax>312</xmax>
			<ymin>88</ymin>
			<ymax>244</ymax>
		</bndbox>
	</object>
	<object>
		<name>Bluestone</name>
		<pose>Unspecified</pose>
		<truncated>0</truncated>
		<difficult>0</difficult>
		<occluded>0</occluded>
		<bndbox>
			<xmin>231</xmin>
			<xmax>336</xmax>
			<ymin>12</ymin>
			<ymax>152</ymax>
		</bndbox>
	</object>
	<object>
		<name>Bluestone</name>
		<pose>Unspecified</pose>
		<truncated>0</truncated>
		<difficult>0</difficult>
		<occluded>0</occluded>
		<bndbox>
			<xmin>123</xmin>
			<xmax>216</xmax>
			<ymin>46</ymin>
			<ymax>182</ymax>
		</bndbox>
	</object>
</annotation>
