<annotation>
	<folder></folder>
	<filename>20220617_191923_mp4-114_jpg.rf.fb2813b6416d4e6a851e52b602271998.jpg</filename>
	<path>20220617_191923_mp4-114_jpg.rf.fb2813b6416d4e6a851e52b602271998.jpg</path>
	<source>
		<database>roboflow.ai</database>
	</source>
	<size>
		<width>416</width>
		<height>416</height>
		<depth>3</depth>
	</size>
	<segmented>0</segmented>
	<object>
		<name>Bluestone</name>
		<pose>Unspecified</pose>
		<truncated>0</truncated>
		<difficult>0</difficult>
		<occluded>0</occluded>
		<bndbox>
			<xmin>94</xmin>
			<xmax>241</xmax>
			<ymin>129</ymin>
			<ymax>212</ymax>
		</bndbox>
	</object>
	<object>
		<name>Bluestone</name>
		<pose>Unspecified</pose>
		<truncated>0</truncated>
		<difficult>0</difficult>
		<occluded>0</occluded>
		<bndbox>
			<xmin>55</xmin>
			<xmax>180</xmax>
			<ymin>201</ymin>
			<ymax>283</ymax>
		</bndbox>
	</object>
	<object>
		<name>Bluestone</name>
		<pose>Unspecified</pose>
		<truncated>0</truncated>
		<difficult>0</difficult>
		<occluded>0</occluded>
		<bndbox>
			<xmin>4</xmin>
			<xmax>117</xmax>
			<ymin>125</ymin>
			<ymax>188</ymax>
		</bndbox>
	</object>
</annotation>
