<annotation>
	<folder></folder>
	<filename>20220617_191640_mp4-77_jpg.rf.af4c80a1d2cd7b6e9ddd734561818437.jpg</filename>
	<path>20220617_191640_mp4-77_jpg.rf.af4c80a1d2cd7b6e9ddd734561818437.jpg</path>
	<source>
		<database>roboflow.ai</database>
	</source>
	<size>
		<width>416</width>
		<height>416</height>
		<depth>3</depth>
	</size>
	<segmented>0</segmented>
	<object>
		<name>Bluestone</name>
		<pose>Unspecified</pose>
		<truncated>0</truncated>
		<difficult>0</difficult>
		<occluded>0</occluded>
		<bndbox>
			<xmin>119</xmin>
			<xmax>185</xmax>
			<ymin>171</ymin>
			<ymax>271</ymax>
		</bndbox>
	</object>
	<object>
		<name>Bluestone</name>
		<pose>Unspecified</pose>
		<truncated>0</truncated>
		<difficult>0</difficult>
		<occluded>0</occluded>
		<bndbox>
			<xmin>167</xmin>
			<xmax>244</xmax>
			<ymin>185</ymin>
			<ymax>319</ymax>
		</bndbox>
	</object>
	<object>
		<name>Bluestone</name>
		<pose>Unspecified</pose>
		<truncated>0</truncated>
		<difficult>0</difficult>
		<occluded>0</occluded>
		<bndbox>
			<xmin>106</xmin>
			<xmax>178</xmax>
			<ymin>241</ymin>
			<ymax>355</ymax>
		</bndbox>
	</object>
</annotation>
