<annotation>
	<folder></folder>
	<filename>20220617_191923_mp4-105_jpg.rf.41276ff6ab5877e37e1472a69cd5ec0c.jpg</filename>
	<path>20220617_191923_mp4-105_jpg.rf.41276ff6ab5877e37e1472a69cd5ec0c.jpg</path>
	<source>
		<database>roboflow.ai</database>
	</source>
	<size>
		<width>416</width>
		<height>416</height>
		<depth>3</depth>
	</size>
	<segmented>0</segmented>
	<object>
		<name>Bluestone</name>
		<pose>Unspecified</pose>
		<truncated>0</truncated>
		<difficult>0</difficult>
		<occluded>0</occluded>
		<bndbox>
			<xmin>80</xmin>
			<xmax>207</xmax>
			<ymin>130</ymin>
			<ymax>289</ymax>
		</bndbox>
	</object>
	<object>
		<name>Bluestone</name>
		<pose>Unspecified</pose>
		<truncated>0</truncated>
		<difficult>0</difficult>
		<occluded>0</occluded>
		<bndbox>
			<xmin>9</xmin>
			<xmax>130</xmax>
			<ymin>93</ymin>
			<ymax>237</ymax>
		</bndbox>
	</object>
	<object>
		<name>Bluestone</name>
		<pose>Unspecified</pose>
		<truncated>0</truncated>
		<difficult>0</difficult>
		<occluded>0</occluded>
		<bndbox>
			<xmin>120</xmin>
			<xmax>229</xmax>
			<ymin>43</ymin>
			<ymax>181</ymax>
		</bndbox>
	</object>
</annotation>
