<annotation>
	<folder></folder>
	<filename>20220617_190806_mp4-45_jpg.rf.7f06c9d4d0aaa603f431c88d77d9e0ab.jpg</filename>
	<path>20220617_190806_mp4-45_jpg.rf.7f06c9d4d0aaa603f431c88d77d9e0ab.jpg</path>
	<source>
		<database>roboflow.ai</database>
	</source>
	<size>
		<width>416</width>
		<height>416</height>
		<depth>3</depth>
	</size>
	<segmented>0</segmented>
	<object>
		<name>Brownstone</name>
		<pose>Unspecified</pose>
		<truncated>0</truncated>
		<difficult>0</difficult>
		<occluded>0</occluded>
		<bndbox>
			<xmin>130</xmin>
			<xmax>219</xmax>
			<ymin>163</ymin>
			<ymax>223</ymax>
		</bndbox>
	</object>
	<object>
		<name>Brownstone</name>
		<pose>Unspecified</pose>
		<truncated>0</truncated>
		<difficult>0</difficult>
		<occluded>0</occluded>
		<bndbox>
			<xmin>202</xmin>
			<xmax>300</xmax>
			<ymin>225</ymin>
			<ymax>285</ymax>
		</bndbox>
	</object>
	<object>
		<name>Brownstone</name>
		<pose>Unspecified</pose>
		<truncated>0</truncated>
		<difficult>0</difficult>
		<occluded>0</occluded>
		<bndbox>
			<xmin>235</xmin>
			<xmax>363</xmax>
			<ymin>133</ymin>
			<ymax>208</ymax>
		</bndbox>
	</object>
	<object>
		<name>Brownstone</name>
		<pose>Unspecified</pose>
		<truncated>0</truncated>
		<difficult>0</difficult>
		<occluded>0</occluded>
		<bndbox>
			<xmin>306</xmin>
			<xmax>400</xmax>
			<ymin>206</ymin>
			<ymax>270</ymax>
		</bndbox>
	</object>
</annotation>
