<annotation>
	<folder></folder>
	<filename>20220617_190806_mp4-50_jpg.rf.3e7b0c3b6bcbcae6b2f90763d8ec9153.jpg</filename>
	<path>20220617_190806_mp4-50_jpg.rf.3e7b0c3b6bcbcae6b2f90763d8ec9153.jpg</path>
	<source>
		<database>roboflow.ai</database>
	</source>
	<size>
		<width>416</width>
		<height>416</height>
		<depth>3</depth>
	</size>
	<segmented>0</segmented>
	<object>
		<name>Bluestone</name>
		<pose>Unspecified</pose>
		<truncated>0</truncated>
		<difficult>0</difficult>
		<occluded>0</occluded>
		<bndbox>
			<xmin>260</xmin>
			<xmax>364</xmax>
			<ymin>305</ymin>
			<ymax>385</ymax>
		</bndbox>
	</object>
	<object>
		<name>Brownstone</name>
		<pose>Unspecified</pose>
		<truncated>0</truncated>
		<difficult>0</difficult>
		<occluded>0</occluded>
		<bndbox>
			<xmin>204</xmin>
			<xmax>306</xmax>
			<ymin>138</ymin>
			<ymax>200</ymax>
		</bndbox>
	</object>
	<object>
		<name>Brownstone</name>
		<pose>Unspecified</pose>
		<truncated>0</truncated>
		<difficult>0</difficult>
		<occluded>0</occluded>
		<bndbox>
			<xmin>163</xmin>
			<xmax>244</xmax>
			<ymin>72</ymin>
			<ymax>135</ymax>
		</bndbox>
	</object>
	<object>
		<name>Bluestone</name>
		<pose>Unspecified</pose>
		<truncated>0</truncated>
		<difficult>0</difficult>
		<occluded>0</occluded>
		<bndbox>
			<xmin>168</xmin>
			<xmax>265</xmax>
			<ymin>288</ymin>
			<ymax>363</ymax>
		</bndbox>
	</object>
	<object>
		<name>Brownstone</name>
		<pose>Unspecified</pose>
		<truncated>0</truncated>
		<difficult>0</difficult>
		<occluded>0</occluded>
		<bndbox>
			<xmin>134</xmin>
			<xmax>226</xmax>
			<ymin>186</ymin>
			<ymax>254</ymax>
		</bndbox>
	</object>
	<object>
		<name>Bluestone</name>
		<pose>Unspecified</pose>
		<truncated>0</truncated>
		<difficult>0</difficult>
		<occluded>0</occluded>
		<bndbox>
			<xmin>146</xmin>
			<xmax>266</xmax>
			<ymin>355</ymin>
			<ymax>416</ymax>
		</bndbox>
	</object>
	<object>
		<name>Brownstone</name>
		<pose>Unspecified</pose>
		<truncated>0</truncated>
		<difficult>0</difficult>
		<occluded>0</occluded>
		<bndbox>
			<xmin>70</xmin>
			<xmax>168</xmax>
			<ymin>131</ymin>
			<ymax>208</ymax>
		</bndbox>
	</object>
</annotation>
