<annotation>
	<folder></folder>
	<filename>20220617_191640_mp4-106_jpg.rf.b5aa710864aff9f4f3ddedadce90b17e.jpg</filename>
	<path>20220617_191640_mp4-106_jpg.rf.b5aa710864aff9f4f3ddedadce90b17e.jpg</path>
	<source>
		<database>roboflow.ai</database>
	</source>
	<size>
		<width>416</width>
		<height>416</height>
		<depth>3</depth>
	</size>
	<segmented>0</segmented>
	<object>
		<name>Jadestone</name>
		<pose>Unspecified</pose>
		<truncated>0</truncated>
		<difficult>0</difficult>
		<occluded>0</occluded>
		<bndbox>
			<xmin>366</xmin>
			<xmax>416</xmax>
			<ymin>139</ymin>
			<ymax>224</ymax>
		</bndbox>
	</object>
	<object>
		<name>Jadestone</name>
		<pose>Unspecified</pose>
		<truncated>0</truncated>
		<difficult>0</difficult>
		<occluded>0</occluded>
		<bndbox>
			<xmin>382</xmin>
			<xmax>416</xmax>
			<ymin>105</ymin>
			<ymax>176</ymax>
		</bndbox>
	</object>
	<object>
		<name>Jadestone</name>
		<pose>Unspecified</pose>
		<truncated>0</truncated>
		<difficult>0</difficult>
		<occluded>0</occluded>
		<bndbox>
			<xmin>330</xmin>
			<xmax>416</xmax>
			<ymin>87</ymin>
			<ymax>176</ymax>
		</bndbox>
	</object>
</annotation>
