<annotation>
	<folder></folder>
	<filename>20220617_191923_mp4-84_jpg.rf.3b3170b6d8ea35ad977b7bb75b103b1c.jpg</filename>
	<path>20220617_191923_mp4-84_jpg.rf.3b3170b6d8ea35ad977b7bb75b103b1c.jpg</path>
	<source>
		<database>roboflow.ai</database>
	</source>
	<size>
		<width>416</width>
		<height>416</height>
		<depth>3</depth>
	</size>
	<segmented>0</segmented>
	<object>
		<name>Bluestone</name>
		<pose>Unspecified</pose>
		<truncated>0</truncated>
		<difficult>0</difficult>
		<occluded>0</occluded>
		<bndbox>
			<xmin>361</xmin>
			<xmax>416</xmax>
			<ymin>156</ymin>
			<ymax>251</ymax>
		</bndbox>
	</object>
	<object>
		<name>Bluestone</name>
		<pose>Unspecified</pose>
		<truncated>0</truncated>
		<difficult>0</difficult>
		<occluded>0</occluded>
		<bndbox>
			<xmin>377</xmin>
			<xmax>416</xmax>
			<ymin>118</ymin>
			<ymax>216</ymax>
		</bndbox>
	</object>
</annotation>
