<annotation>
	<folder></folder>
	<filename>20220617_191640_mp4-115_jpg.rf.856ddad56e153e4e431bda1b922b982e.jpg</filename>
	<path>20220617_191640_mp4-115_jpg.rf.856ddad56e153e4e431bda1b922b982e.jpg</path>
	<source>
		<database>roboflow.ai</database>
	</source>
	<size>
		<width>416</width>
		<height>416</height>
		<depth>3</depth>
	</size>
	<segmented>0</segmented>
	<object>
		<name>Bluestone</name>
		<pose>Unspecified</pose>
		<truncated>0</truncated>
		<difficult>0</difficult>
		<occluded>0</occluded>
		<bndbox>
			<xmin>69</xmin>
			<xmax>160</xmax>
			<ymin>296</ymin>
			<ymax>367</ymax>
		</bndbox>
	</object>
	<object>
		<name>Bluestone</name>
		<pose>Unspecified</pose>
		<truncated>0</truncated>
		<difficult>0</difficult>
		<occluded>0</occluded>
		<bndbox>
			<xmin>34</xmin>
			<xmax>118</xmax>
			<ymin>263</ymin>
			<ymax>328</ymax>
		</bndbox>
	</object>
	<object>
		<name>Bluestone</name>
		<pose>Unspecified</pose>
		<truncated>0</truncated>
		<difficult>0</difficult>
		<occluded>0</occluded>
		<bndbox>
			<xmin>12</xmin>
			<xmax>100</xmax>
			<ymin>295</ymin>
			<ymax>359</ymax>
		</bndbox>
	</object>
</annotation>
