<annotation>
	<folder></folder>
	<filename>20220617_191923_mp4-114_jpg.rf.fd0cd57efbfa669db5a12c28082311eb.jpg</filename>
	<path>20220617_191923_mp4-114_jpg.rf.fd0cd57efbfa669db5a12c28082311eb.jpg</path>
	<source>
		<database>roboflow.ai</database>
	</source>
	<size>
		<width>416</width>
		<height>416</height>
		<depth>3</depth>
	</size>
	<segmented>0</segmented>
	<object>
		<name>Bluestone</name>
		<pose>Unspecified</pose>
		<truncated>0</truncated>
		<difficult>0</difficult>
		<occluded>0</occluded>
		<bndbox>
			<xmin>79</xmin>
			<xmax>240</xmax>
			<ymin>180</ymin>
			<ymax>293</ymax>
		</bndbox>
	</object>
	<object>
		<name>Bluestone</name>
		<pose>Unspecified</pose>
		<truncated>0</truncated>
		<difficult>0</difficult>
		<occluded>0</occluded>
		<bndbox>
			<xmin>61</xmin>
			<xmax>200</xmax>
			<ymin>101</ymin>
			<ymax>208</ymax>
		</bndbox>
	</object>
	<object>
		<name>Bluestone</name>
		<pose>Unspecified</pose>
		<truncated>0</truncated>
		<difficult>0</difficult>
		<occluded>0</occluded>
		<bndbox>
			<xmin>1</xmin>
			<xmax>115</xmax>
			<ymin>178</ymin>
			<ymax>265</ymax>
		</bndbox>
	</object>
</annotation>
