<annotation>
	<folder></folder>
	<filename>20220617_191640_mp4-71_jpg.rf.b4636b9b731b089f1cbe30457a693e31.jpg</filename>
	<path>20220617_191640_mp4-71_jpg.rf.b4636b9b731b089f1cbe30457a693e31.jpg</path>
	<source>
		<database>roboflow.ai</database>
	</source>
	<size>
		<width>416</width>
		<height>416</height>
		<depth>3</depth>
	</size>
	<segmented>0</segmented>
	<object>
		<name>Bluestone</name>
		<pose>Unspecified</pose>
		<truncated>0</truncated>
		<difficult>0</difficult>
		<occluded>0</occluded>
		<bndbox>
			<xmin>148</xmin>
			<xmax>344</xmax>
			<ymin>29</ymin>
			<ymax>200</ymax>
		</bndbox>
	</object>
	<object>
		<name>Bluestone</name>
		<pose>Unspecified</pose>
		<truncated>0</truncated>
		<difficult>0</difficult>
		<occluded>0</occluded>
		<bndbox>
			<xmin>237</xmin>
			<xmax>416</xmax>
			<ymin>80</ymin>
			<ymax>245</ymax>
		</bndbox>
	</object>
	<object>
		<name>Bluestone</name>
		<pose>Unspecified</pose>
		<truncated>0</truncated>
		<difficult>0</difficult>
		<occluded>0</occluded>
		<bndbox>
			<xmin>237</xmin>
			<xmax>373</xmax>
			<ymin>1</ymin>
			<ymax>128</ymax>
		</bndbox>
	</object>
</annotation>
