<annotation>
	<folder></folder>
	<filename>20220617_190806_mp4-46_jpg.rf.f043817ffa411f0da94f65bd5937c33c.jpg</filename>
	<path>20220617_190806_mp4-46_jpg.rf.f043817ffa411f0da94f65bd5937c33c.jpg</path>
	<source>
		<database>roboflow.ai</database>
	</source>
	<size>
		<width>416</width>
		<height>416</height>
		<depth>3</depth>
	</size>
	<segmented>0</segmented>
	<object>
		<name>Brownstone</name>
		<pose>Unspecified</pose>
		<truncated>0</truncated>
		<difficult>0</difficult>
		<occluded>0</occluded>
		<bndbox>
			<xmin>270</xmin>
			<xmax>371</xmax>
			<ymin>193</ymin>
			<ymax>270</ymax>
		</bndbox>
	</object>
	<object>
		<name>Brownstone</name>
		<pose>Unspecified</pose>
		<truncated>0</truncated>
		<difficult>0</difficult>
		<occluded>0</occluded>
		<bndbox>
			<xmin>197</xmin>
			<xmax>298</xmax>
			<ymin>141</ymin>
			<ymax>217</ymax>
		</bndbox>
	</object>
	<object>
		<name>Brownstone</name>
		<pose>Unspecified</pose>
		<truncated>0</truncated>
		<difficult>0</difficult>
		<occluded>0</occluded>
		<bndbox>
			<xmin>149</xmin>
			<xmax>261</xmax>
			<ymin>220</ymin>
			<ymax>309</ymax>
		</bndbox>
	</object>
	<object>
		<name>Brownstone</name>
		<pose>Unspecified</pose>
		<truncated>0</truncated>
		<difficult>0</difficult>
		<occluded>0</occluded>
		<bndbox>
			<xmin>95</xmin>
			<xmax>195</xmax>
			<ymin>171</ymin>
			<ymax>248</ymax>
		</bndbox>
	</object>
</annotation>
