<annotation>
	<folder></folder>
	<filename>20220617_191640_mp4-84_jpg.rf.56b3acc6436cdc961e171a4c959dce9e.jpg</filename>
	<path>20220617_191640_mp4-84_jpg.rf.56b3acc6436cdc961e171a4c959dce9e.jpg</path>
	<source>
		<database>roboflow.ai</database>
	</source>
	<size>
		<width>416</width>
		<height>416</height>
		<depth>3</depth>
	</size>
	<segmented>0</segmented>
	<object>
		<name>Bluestone</name>
		<pose>Unspecified</pose>
		<truncated>0</truncated>
		<difficult>0</difficult>
		<occluded>0</occluded>
		<bndbox>
			<xmin>194</xmin>
			<xmax>318</xmax>
			<ymin>207</ymin>
			<ymax>322</ymax>
		</bndbox>
	</object>
	<object>
		<name>Bluestone</name>
		<pose>Unspecified</pose>
		<truncated>0</truncated>
		<difficult>0</difficult>
		<occluded>0</occluded>
		<bndbox>
			<xmin>150</xmin>
			<xmax>303</xmax>
			<ymin>136</ymin>
			<ymax>273</ymax>
		</bndbox>
	</object>
	<object>
		<name>Bluestone</name>
		<pose>Unspecified</pose>
		<truncated>0</truncated>
		<difficult>0</difficult>
		<occluded>0</occluded>
		<bndbox>
			<xmin>235</xmin>
			<xmax>389</xmax>
			<ymin>111</ymin>
			<ymax>248</ymax>
		</bndbox>
	</object>
</annotation>
