<annotation>
	<folder></folder>
	<filename>20220617_191923_mp4-101_jpg.rf.379c44f14a617c69ec963cd665e9f58f.jpg</filename>
	<path>20220617_191923_mp4-101_jpg.rf.379c44f14a617c69ec963cd665e9f58f.jpg</path>
	<source>
		<database>roboflow.ai</database>
	</source>
	<size>
		<width>416</width>
		<height>416</height>
		<depth>3</depth>
	</size>
	<segmented>0</segmented>
	<object>
		<name>Bluestone</name>
		<pose>Unspecified</pose>
		<truncated>0</truncated>
		<difficult>0</difficult>
		<occluded>0</occluded>
		<bndbox>
			<xmin>60</xmin>
			<xmax>170</xmax>
			<ymin>164</ymin>
			<ymax>311</ymax>
		</bndbox>
	</object>
	<object>
		<name>Bluestone</name>
		<pose>Unspecified</pose>
		<truncated>0</truncated>
		<difficult>0</difficult>
		<occluded>0</occluded>
		<bndbox>
			<xmin>116</xmin>
			<xmax>213</xmax>
			<ymin>116</ymin>
			<ymax>255</ymax>
		</bndbox>
	</object>
</annotation>
