<annotation>
	<folder></folder>
	<filename>KakaoTalk_20220617_200928350_mp4-39_jpg.rf.d8088b5155b535f2074c57643f2f7635.jpg</filename>
	<path>KakaoTalk_20220617_200928350_mp4-39_jpg.rf.d8088b5155b535f2074c57643f2f7635.jpg</path>
	<source>
		<database>roboflow.ai</database>
	</source>
	<size>
		<width>416</width>
		<height>416</height>
		<depth>3</depth>
	</size>
	<segmented>0</segmented>
	<object>
		<name>Bluestone</name>
		<pose>Unspecified</pose>
		<truncated>0</truncated>
		<difficult>0</difficult>
		<occluded>0</occluded>
		<bndbox>
			<xmin>120</xmin>
			<xmax>215</xmax>
			<ymin>1</ymin>
			<ymax>59</ymax>
		</bndbox>
	</object>
	<object>
		<name>Bluestone</name>
		<pose>Unspecified</pose>
		<truncated>0</truncated>
		<difficult>0</difficult>
		<occluded>0</occluded>
		<bndbox>
			<xmin>57</xmin>
			<xmax>149</xmax>
			<ymin>1</ymin>
			<ymax>92</ymax>
		</bndbox>
	</object>
</annotation>
