<annotation>
	<folder></folder>
	<filename>KakaoTalk_20220617_200928350_mp4-27_jpg.rf.1e5ee0af7637c98089ba3a777756fe69.jpg</filename>
	<path>KakaoTalk_20220617_200928350_mp4-27_jpg.rf.1e5ee0af7637c98089ba3a777756fe69.jpg</path>
	<source>
		<database>roboflow.ai</database>
	</source>
	<size>
		<width>416</width>
		<height>416</height>
		<depth>3</depth>
	</size>
	<segmented>0</segmented>
	<object>
		<name>Jadestone</name>
		<pose>Unspecified</pose>
		<truncated>0</truncated>
		<difficult>0</difficult>
		<occluded>0</occluded>
		<bndbox>
			<xmin>125</xmin>
			<xmax>198</xmax>
			<ymin>261</ymin>
			<ymax>397</ymax>
		</bndbox>
	</object>
	<object>
		<name>Jadestone</name>
		<pose>Unspecified</pose>
		<truncated>0</truncated>
		<difficult>0</difficult>
		<occluded>0</occluded>
		<bndbox>
			<xmin>197</xmin>
			<xmax>271</xmax>
			<ymin>236</ymin>
			<ymax>340</ymax>
		</bndbox>
	</object>
	<object>
		<name>Jadestone</name>
		<pose>Unspecified</pose>
		<truncated>0</truncated>
		<difficult>0</difficult>
		<occluded>0</occluded>
		<bndbox>
			<xmin>125</xmin>
			<xmax>205</xmax>
			<ymin>156</ymin>
			<ymax>251</ymax>
		</bndbox>
	</object>
	<object>
		<name>Jadestone</name>
		<pose>Unspecified</pose>
		<truncated>0</truncated>
		<difficult>0</difficult>
		<occluded>0</occluded>
		<bndbox>
			<xmin>197</xmin>
			<xmax>272</xmax>
			<ymin>136</ymin>
			<ymax>245</ymax>
		</bndbox>
	</object>
	<object>
		<name>Jadestone</name>
		<pose>Unspecified</pose>
		<truncated>0</truncated>
		<difficult>0</difficult>
		<occluded>0</occluded>
		<bndbox>
			<xmin>170</xmin>
			<xmax>249</xmax>
			<ymin>1</ymin>
			<ymax>117</ymax>
		</bndbox>
	</object>
</annotation>
