<annotation>
	<folder></folder>
	<filename>KakaoTalk_20220617_200928350_mp4-10_jpg.rf.39c5df46bfa4ca7c160cf77c7e31fcb3.jpg</filename>
	<path>KakaoTalk_20220617_200928350_mp4-10_jpg.rf.39c5df46bfa4ca7c160cf77c7e31fcb3.jpg</path>
	<source>
		<database>roboflow.ai</database>
	</source>
	<size>
		<width>416</width>
		<height>416</height>
		<depth>3</depth>
	</size>
	<segmented>0</segmented>
	<object>
		<name>Yellowstone</name>
		<pose>Unspecified</pose>
		<truncated>0</truncated>
		<difficult>0</difficult>
		<occluded>0</occluded>
		<bndbox>
			<xmin>245</xmin>
			<xmax>368</xmax>
			<ymin>155</ymin>
			<ymax>251</ymax>
		</bndbox>
	</object>
	<object>
		<name>Turquoisestone</name>
		<pose>Unspecified</pose>
		<truncated>0</truncated>
		<difficult>0</difficult>
		<occluded>0</occluded>
		<bndbox>
			<xmin>170</xmin>
			<xmax>278</xmax>
			<ymin>344</ymin>
			<ymax>416</ymax>
		</bndbox>
	</object>
	<object>
		<name>Yellowstone</name>
		<pose>Unspecified</pose>
		<truncated>0</truncated>
		<difficult>0</difficult>
		<occluded>0</occluded>
		<bndbox>
			<xmin>196</xmin>
			<xmax>346</xmax>
			<ymin>38</ymin>
			<ymax>161</ymax>
		</bndbox>
	</object>
	<object>
		<name>Yellowstone</name>
		<pose>Unspecified</pose>
		<truncated>0</truncated>
		<difficult>0</difficult>
		<occluded>0</occluded>
		<bndbox>
			<xmin>165</xmin>
			<xmax>290</xmax>
			<ymin>180</ymin>
			<ymax>273</ymax>
		</bndbox>
	</object>
	<object>
		<name>Yellowstone</name>
		<pose>Unspecified</pose>
		<truncated>0</truncated>
		<difficult>0</difficult>
		<occluded>0</occluded>
		<bndbox>
			<xmin>90</xmin>
			<xmax>236</xmax>
			<ymin>98</ymin>
			<ymax>189</ymax>
		</bndbox>
	</object>
	<object>
		<name>Turquoisestone</name>
		<pose>Unspecified</pose>
		<truncated>0</truncated>
		<difficult>0</difficult>
		<occluded>0</occluded>
		<bndbox>
			<xmin>283</xmin>
			<xmax>383</xmax>
			<ymin>339</ymin>
			<ymax>416</ymax>
		</bndbox>
	</object>
	<object>
		<name>Yellowstone</name>
		<pose>Unspecified</pose>
		<truncated>0</truncated>
		<difficult>0</difficult>
		<occluded>0</occluded>
		<bndbox>
			<xmin>335</xmin>
			<xmax>416</xmax>
			<ymin>118</ymin>
			<ymax>213</ymax>
		</bndbox>
	</object>
</annotation>
