<annotation>
	<folder></folder>
	<filename>KakaoTalk_20220617_200928350_mp4-39_jpg.rf.2165136c140cce8ee3d77d7d705af87e.jpg</filename>
	<path>KakaoTalk_20220617_200928350_mp4-39_jpg.rf.2165136c140cce8ee3d77d7d705af87e.jpg</path>
	<source>
		<database>roboflow.ai</database>
	</source>
	<size>
		<width>416</width>
		<height>416</height>
		<depth>3</depth>
	</size>
	<segmented>0</segmented>
	<object>
		<name>Bluestone</name>
		<pose>Unspecified</pose>
		<truncated>0</truncated>
		<difficult>0</difficult>
		<occluded>0</occluded>
		<bndbox>
			<xmin>230</xmin>
			<xmax>321</xmax>
			<ymin>1</ymin>
			<ymax>65</ymax>
		</bndbox>
	</object>
	<object>
		<name>Bluestone</name>
		<pose>Unspecified</pose>
		<truncated>0</truncated>
		<difficult>0</difficult>
		<occluded>0</occluded>
		<bndbox>
			<xmin>292</xmin>
			<xmax>378</xmax>
			<ymin>6</ymin>
			<ymax>108</ymax>
		</bndbox>
	</object>
</annotation>
