<annotation>
	<folder></folder>
	<filename>KakaoTalk_20220617_200928350_mp4-43_jpg.rf.93b48359f870d384165f02fb93b3c772.jpg</filename>
	<path>KakaoTalk_20220617_200928350_mp4-43_jpg.rf.93b48359f870d384165f02fb93b3c772.jpg</path>
	<source>
		<database>roboflow.ai</database>
	</source>
	<size>
		<width>416</width>
		<height>416</height>
		<depth>3</depth>
	</size>
	<segmented>0</segmented>
	<object>
		<name>Jadestone</name>
		<pose>Unspecified</pose>
		<truncated>0</truncated>
		<difficult>0</difficult>
		<occluded>0</occluded>
		<bndbox>
			<xmin>400</xmin>
			<xmax>416</xmax>
			<ymin>280</ymin>
			<ymax>359</ymax>
		</bndbox>
	</object>
	<object>
		<name>Jadestone</name>
		<pose>Unspecified</pose>
		<truncated>0</truncated>
		<difficult>0</difficult>
		<occluded>0</occluded>
		<bndbox>
			<xmin>347</xmin>
			<xmax>416</xmax>
			<ymin>276</ymin>
			<ymax>367</ymax>
		</bndbox>
	</object>
	<object>
		<name>Bluestone</name>
		<pose>Unspecified</pose>
		<truncated>0</truncated>
		<difficult>0</difficult>
		<occluded>0</occluded>
		<bndbox>
			<xmin>272</xmin>
			<xmax>324</xmax>
			<ymin>341</ymin>
			<ymax>405</ymax>
		</bndbox>
	</object>
	<object>
		<name>Jadestone</name>
		<pose>Unspecified</pose>
		<truncated>0</truncated>
		<difficult>0</difficult>
		<occluded>0</occluded>
		<bndbox>
			<xmin>326</xmin>
			<xmax>391</xmax>
			<ymin>326</ymin>
			<ymax>393</ymax>
		</bndbox>
	</object>
</annotation>
