<annotation>
	<folder></folder>
	<filename>KakaoTalk_20220617_200928350_mp4-40_jpg.rf.e0b39afa402181fc97c9b7911003cad1.jpg</filename>
	<path>KakaoTalk_20220617_200928350_mp4-40_jpg.rf.e0b39afa402181fc97c9b7911003cad1.jpg</path>
	<source>
		<database>roboflow.ai</database>
	</source>
	<size>
		<width>416</width>
		<height>416</height>
		<depth>3</depth>
	</size>
	<segmented>0</segmented>
	<object>
		<name>Jadestone</name>
		<pose>Unspecified</pose>
		<truncated>0</truncated>
		<difficult>0</difficult>
		<occluded>0</occluded>
		<bndbox>
			<xmin>338</xmin>
			<xmax>416</xmax>
			<ymin>320</ymin>
			<ymax>385</ymax>
		</bndbox>
	</object>
	<object>
		<name>Bluestone</name>
		<pose>Unspecified</pose>
		<truncated>0</truncated>
		<difficult>0</difficult>
		<occluded>0</occluded>
		<bndbox>
			<xmin>370</xmin>
			<xmax>416</xmax>
			<ymin>202</ymin>
			<ymax>268</ymax>
		</bndbox>
	</object>
	<object>
		<name>Bluestone</name>
		<pose>Unspecified</pose>
		<truncated>0</truncated>
		<difficult>0</difficult>
		<occluded>0</occluded>
		<bndbox>
			<xmin>363</xmin>
			<xmax>416</xmax>
			<ymin>257</ymin>
			<ymax>307</ymax>
		</bndbox>
	</object>
</annotation>
