<annotation>
	<folder></folder>
	<filename>KakaoTalk_20220617_200928350_mp4-40_jpg.rf.18923513717405bb2f4116b50ff697f0.jpg</filename>
	<path>KakaoTalk_20220617_200928350_mp4-40_jpg.rf.18923513717405bb2f4116b50ff697f0.jpg</path>
	<source>
		<database>roboflow.ai</database>
	</source>
	<size>
		<width>416</width>
		<height>416</height>
		<depth>3</depth>
	</size>
	<segmented>0</segmented>
	<object>
		<name>Jadestone</name>
		<pose>Unspecified</pose>
		<truncated>0</truncated>
		<difficult>0</difficult>
		<occluded>0</occluded>
		<bndbox>
			<xmin>202</xmin>
			<xmax>293</xmax>
			<ymin>385</ymin>
			<ymax>416</ymax>
		</bndbox>
	</object>
	<object>
		<name>Bluestone</name>
		<pose>Unspecified</pose>
		<truncated>0</truncated>
		<difficult>0</difficult>
		<occluded>0</occluded>
		<bndbox>
			<xmin>95</xmin>
			<xmax>171</xmax>
			<ymin>352</ymin>
			<ymax>416</ymax>
		</bndbox>
	</object>
	<object>
		<name>Bluestone</name>
		<pose>Unspecified</pose>
		<truncated>0</truncated>
		<difficult>0</difficult>
		<occluded>0</occluded>
		<bndbox>
			<xmin>143</xmin>
			<xmax>213</xmax>
			<ymin>373</ymin>
			<ymax>416</ymax>
		</bndbox>
	</object>
</annotation>
