<annotation>
	<folder></folder>
	<filename>KakaoTalk_20220617_200928350_mp4-12_jpg.rf.b3fe8d894e2e00188e2b7d8caa959fc2.jpg</filename>
	<path>KakaoTalk_20220617_200928350_mp4-12_jpg.rf.b3fe8d894e2e00188e2b7d8caa959fc2.jpg</path>
	<source>
		<database>roboflow.ai</database>
	</source>
	<size>
		<width>416</width>
		<height>416</height>
		<depth>3</depth>
	</size>
	<segmented>0</segmented>
	<object>
		<name>Yellowstone</name>
		<pose>Unspecified</pose>
		<truncated>0</truncated>
		<difficult>0</difficult>
		<occluded>0</occluded>
		<bndbox>
			<xmin>229</xmin>
			<xmax>369</xmax>
			<ymin>29</ymin>
			<ymax>153</ymax>
		</bndbox>
	</object>
	<object>
		<name>Yellowstone</name>
		<pose>Unspecified</pose>
		<truncated>0</truncated>
		<difficult>0</difficult>
		<occluded>0</occluded>
		<bndbox>
			<xmin>184</xmin>
			<xmax>323</xmax>
			<ymin>133</ymin>
			<ymax>257</ymax>
		</bndbox>
	</object>
	<object>
		<name>Yellowstone</name>
		<pose>Unspecified</pose>
		<truncated>0</truncated>
		<difficult>0</difficult>
		<occluded>0</occluded>
		<bndbox>
			<xmin>59</xmin>
			<xmax>232</xmax>
			<ymin>78</ymin>
			<ymax>231</ymax>
		</bndbox>
	</object>
	<object>
		<name>Yellowstone</name>
		<pose>Unspecified</pose>
		<truncated>0</truncated>
		<difficult>0</difficult>
		<occluded>0</occluded>
		<bndbox>
			<xmin>135</xmin>
			<xmax>279</xmax>
			<ymin>214</ymin>
			<ymax>341</ymax>
		</bndbox>
	</object>
	<object>
		<name>Yellowstone</name>
		<pose>Unspecified</pose>
		<truncated>0</truncated>
		<difficult>0</difficult>
		<occluded>0</occluded>
		<bndbox>
			<xmin>24</xmin>
			<xmax>179</xmax>
			<ymin>209</ymin>
			<ymax>337</ymax>
		</bndbox>
	</object>
</annotation>
