<annotation>
	<folder></folder>
	<filename>KakaoTalk_20220617_200928350_mp4-100_jpg.rf.c70ee427f66675edaf052ef828485a5c.jpg</filename>
	<path>KakaoTalk_20220617_200928350_mp4-100_jpg.rf.c70ee427f66675edaf052ef828485a5c.jpg</path>
	<source>
		<database>roboflow.ai</database>
	</source>
	<size>
		<width>416</width>
		<height>416</height>
		<depth>3</depth>
	</size>
	<segmented>0</segmented>
	<object>
		<name>Turquoisestone</name>
		<pose>Unspecified</pose>
		<truncated>0</truncated>
		<difficult>0</difficult>
		<occluded>0</occluded>
		<bndbox>
			<xmin>61</xmin>
			<xmax>175</xmax>
			<ymin>72</ymin>
			<ymax>177</ymax>
		</bndbox>
	</object>
	<object>
		<name>Turquoisestone</name>
		<pose>Unspecified</pose>
		<truncated>0</truncated>
		<difficult>0</difficult>
		<occluded>0</occluded>
		<bndbox>
			<xmin>160</xmin>
			<xmax>277</xmax>
			<ymin>46</ymin>
			<ymax>155</ymax>
		</bndbox>
	</object>
	<object>
		<name>Turquoisestone</name>
		<pose>Unspecified</pose>
		<truncated>0</truncated>
		<difficult>0</difficult>
		<occluded>0</occluded>
		<bndbox>
			<xmin>73</xmin>
			<xmax>175</xmax>
			<ymin>208</ymin>
			<ymax>304</ymax>
		</bndbox>
	</object>
	<object>
		<name>Turquoisestone</name>
		<pose>Unspecified</pose>
		<truncated>0</truncated>
		<difficult>0</difficult>
		<occluded>0</occluded>
		<bndbox>
			<xmin>149</xmin>
			<xmax>265</xmax>
			<ymin>111</ymin>
			<ymax>222</ymax>
		</bndbox>
	</object>
	<object>
		<name>Turquoisestone</name>
		<pose>Unspecified</pose>
		<truncated>0</truncated>
		<difficult>0</difficult>
		<occluded>0</occluded>
		<bndbox>
			<xmin>142</xmin>
			<xmax>270</xmax>
			<ymin>181</ymin>
			<ymax>300</ymax>
		</bndbox>
	</object>
</annotation>
