<annotation>
	<folder></folder>
	<filename>KakaoTalk_20220617_200928350_mp4-12_jpg.rf.f5a9d03a7c83fad97e624ec219c1eb94.jpg</filename>
	<path>KakaoTalk_20220617_200928350_mp4-12_jpg.rf.f5a9d03a7c83fad97e624ec219c1eb94.jpg</path>
	<source>
		<database>roboflow.ai</database>
	</source>
	<size>
		<width>416</width>
		<height>416</height>
		<depth>3</depth>
	</size>
	<segmented>0</segmented>
	<object>
		<name>Yellowstone</name>
		<pose>Unspecified</pose>
		<truncated>0</truncated>
		<difficult>0</difficult>
		<occluded>0</occluded>
		<bndbox>
			<xmin>241</xmin>
			<xmax>331</xmax>
			<ymin>267</ymin>
			<ymax>400</ymax>
		</bndbox>
	</object>
	<object>
		<name>Yellowstone</name>
		<pose>Unspecified</pose>
		<truncated>0</truncated>
		<difficult>0</difficult>
		<occluded>0</occluded>
		<bndbox>
			<xmin>162</xmin>
			<xmax>253</xmax>
			<ymin>186</ymin>
			<ymax>317</ymax>
		</bndbox>
	</object>
	<object>
		<name>Yellowstone</name>
		<pose>Unspecified</pose>
		<truncated>0</truncated>
		<difficult>0</difficult>
		<occluded>0</occluded>
		<bndbox>
			<xmin>230</xmin>
			<xmax>341</xmax>
			<ymin>85</ymin>
			<ymax>250</ymax>
		</bndbox>
	</object>
	<object>
		<name>Yellowstone</name>
		<pose>Unspecified</pose>
		<truncated>0</truncated>
		<difficult>0</difficult>
		<occluded>0</occluded>
		<bndbox>
			<xmin>104</xmin>
			<xmax>194</xmax>
			<ymin>110</ymin>
			<ymax>246</ymax>
		</bndbox>
	</object>
	<object>
		<name>Yellowstone</name>
		<pose>Unspecified</pose>
		<truncated>0</truncated>
		<difficult>0</difficult>
		<occluded>0</occluded>
		<bndbox>
			<xmin>150</xmin>
			<xmax>233</xmax>
			<ymin>5</ymin>
			<ymax>160</ymax>
		</bndbox>
	</object>
</annotation>
