<annotation>
	<folder></folder>
	<filename>KakaoTalk_20220617_200928350_mp4-34_jpg.rf.675074135adbeaed944dfbc82cbc2213.jpg</filename>
	<path>KakaoTalk_20220617_200928350_mp4-34_jpg.rf.675074135adbeaed944dfbc82cbc2213.jpg</path>
	<source>
		<database>roboflow.ai</database>
	</source>
	<size>
		<width>416</width>
		<height>416</height>
		<depth>3</depth>
	</size>
	<segmented>0</segmented>
	<object>
		<name>Jadestone</name>
		<pose>Unspecified</pose>
		<truncated>0</truncated>
		<difficult>0</difficult>
		<occluded>0</occluded>
		<bndbox>
			<xmin>27</xmin>
			<xmax>112</xmax>
			<ymin>343</ymin>
			<ymax>401</ymax>
		</bndbox>
	</object>
	<object>
		<name>Jadestone</name>
		<pose>Unspecified</pose>
		<truncated>0</truncated>
		<difficult>0</difficult>
		<occluded>0</occluded>
		<bndbox>
			<xmin>109</xmin>
			<xmax>201</xmax>
			<ymin>351</ymin>
			<ymax>416</ymax>
		</bndbox>
	</object>
	<object>
		<name>Bluestone</name>
		<pose>Unspecified</pose>
		<truncated>0</truncated>
		<difficult>0</difficult>
		<occluded>0</occluded>
		<bndbox>
			<xmin>1</xmin>
			<xmax>69</xmax>
			<ymin>274</ymin>
			<ymax>323</ymax>
		</bndbox>
	</object>
</annotation>
