<annotation>
	<folder></folder>
	<filename>KakaoTalk_20220617_200928350_mp4-122_jpg.rf.c2edecb1877b0d1c286eea8f8ab4c923.jpg</filename>
	<path>KakaoTalk_20220617_200928350_mp4-122_jpg.rf.c2edecb1877b0d1c286eea8f8ab4c923.jpg</path>
	<source>
		<database>roboflow.ai</database>
	</source>
	<size>
		<width>416</width>
		<height>416</height>
		<depth>3</depth>
	</size>
	<segmented>0</segmented>
	<object>
		<name>Turquoisestone</name>
		<pose>Unspecified</pose>
		<truncated>0</truncated>
		<difficult>0</difficult>
		<occluded>0</occluded>
		<bndbox>
			<xmin>128</xmin>
			<xmax>195</xmax>
			<ymin>273</ymin>
			<ymax>368</ymax>
		</bndbox>
	</object>
	<object>
		<name>Turquoisestone</name>
		<pose>Unspecified</pose>
		<truncated>0</truncated>
		<difficult>0</difficult>
		<occluded>0</occluded>
		<bndbox>
			<xmin>86</xmin>
			<xmax>167</xmax>
			<ymin>216</ymin>
			<ymax>338</ymax>
		</bndbox>
	</object>
	<object>
		<name>Turquoisestone</name>
		<pose>Unspecified</pose>
		<truncated>0</truncated>
		<difficult>0</difficult>
		<occluded>0</occluded>
		<bndbox>
			<xmin>193</xmin>
			<xmax>294</xmax>
			<ymin>204</ymin>
			<ymax>347</ymax>
		</bndbox>
	</object>
	<object>
		<name>Turquoisestone</name>
		<pose>Unspecified</pose>
		<truncated>0</truncated>
		<difficult>0</difficult>
		<occluded>0</occluded>
		<bndbox>
			<xmin>131</xmin>
			<xmax>217</xmax>
			<ymin>176</ymin>
			<ymax>296</ymax>
		</bndbox>
	</object>
	<object>
		<name>Turquoisestone</name>
		<pose>Unspecified</pose>
		<truncated>0</truncated>
		<difficult>0</difficult>
		<occluded>0</occluded>
		<bndbox>
			<xmin>181</xmin>
			<xmax>288</xmax>
			<ymin>92</ymin>
			<ymax>237</ymax>
		</bndbox>
	</object>
</annotation>
