<annotation>
	<folder></folder>
	<filename>KakaoTalk_20220617_200928350_mp4-26_jpg.rf.9d5a30bed0d424ebf4706e57dd7edc1f.jpg</filename>
	<path>KakaoTalk_20220617_200928350_mp4-26_jpg.rf.9d5a30bed0d424ebf4706e57dd7edc1f.jpg</path>
	<source>
		<database>roboflow.ai</database>
	</source>
	<size>
		<width>416</width>
		<height>416</height>
		<depth>3</depth>
	</size>
	<segmented>0</segmented>
	<object>
		<name>Jadestone</name>
		<pose>Unspecified</pose>
		<truncated>0</truncated>
		<difficult>0</difficult>
		<occluded>0</occluded>
		<bndbox>
			<xmin>275</xmin>
			<xmax>407</xmax>
			<ymin>79</ymin>
			<ymax>200</ymax>
		</bndbox>
	</object>
	<object>
		<name>Jadestone</name>
		<pose>Unspecified</pose>
		<truncated>0</truncated>
		<difficult>0</difficult>
		<occluded>0</occluded>
		<bndbox>
			<xmin>214</xmin>
			<xmax>337</xmax>
			<ymin>42</ymin>
			<ymax>157</ymax>
		</bndbox>
	</object>
	<object>
		<name>Jadestone</name>
		<pose>Unspecified</pose>
		<truncated>0</truncated>
		<difficult>0</difficult>
		<occluded>0</occluded>
		<bndbox>
			<xmin>183</xmin>
			<xmax>308</xmax>
			<ymin>141</ymin>
			<ymax>257</ymax>
		</bndbox>
	</object>
	<object>
		<name>Jadestone</name>
		<pose>Unspecified</pose>
		<truncated>0</truncated>
		<difficult>0</difficult>
		<occluded>0</occluded>
		<bndbox>
			<xmin>131</xmin>
			<xmax>257</xmax>
			<ymin>93</ymin>
			<ymax>210</ymax>
		</bndbox>
	</object>
	<object>
		<name>Jadestone</name>
		<pose>Unspecified</pose>
		<truncated>0</truncated>
		<difficult>0</difficult>
		<occluded>0</occluded>
		<bndbox>
			<xmin>35</xmin>
			<xmax>178</xmax>
			<ymin>180</ymin>
			<ymax>315</ymax>
		</bndbox>
	</object>
</annotation>
