<annotation>
	<folder></folder>
	<filename>KakaoTalk_20220617_200928350_mp4-42_jpg.rf.4c9d01a904a363c2c675e30e5bbcb855.jpg</filename>
	<path>KakaoTalk_20220617_200928350_mp4-42_jpg.rf.4c9d01a904a363c2c675e30e5bbcb855.jpg</path>
	<source>
		<database>roboflow.ai</database>
	</source>
	<size>
		<width>416</width>
		<height>416</height>
		<depth>3</depth>
	</size>
	<segmented>0</segmented>
	<object>
		<name>Jadestone</name>
		<pose>Unspecified</pose>
		<truncated>0</truncated>
		<difficult>0</difficult>
		<occluded>0</occluded>
		<bndbox>
			<xmin>378</xmin>
			<xmax>416</xmax>
			<ymin>122</ymin>
			<ymax>209</ymax>
		</bndbox>
	</object>
	<object>
		<name>Bluestone</name>
		<pose>Unspecified</pose>
		<truncated>0</truncated>
		<difficult>0</difficult>
		<occluded>0</occluded>
		<bndbox>
			<xmin>320</xmin>
			<xmax>384</xmax>
			<ymin>48</ymin>
			<ymax>115</ymax>
		</bndbox>
	</object>
	<object>
		<name>Jadestone</name>
		<pose>Unspecified</pose>
		<truncated>0</truncated>
		<difficult>0</difficult>
		<occluded>0</occluded>
		<bndbox>
			<xmin>368</xmin>
			<xmax>416</xmax>
			<ymin>79</ymin>
			<ymax>157</ymax>
		</bndbox>
	</object>
</annotation>
