<annotation>
	<folder></folder>
	<filename>KakaoTalk_20220617_200928350_mp4-13_jpg.rf.5ab609914aaa884a702f5756cbf8ad87.jpg</filename>
	<path>KakaoTalk_20220617_200928350_mp4-13_jpg.rf.5ab609914aaa884a702f5756cbf8ad87.jpg</path>
	<source>
		<database>roboflow.ai</database>
	</source>
	<size>
		<width>416</width>
		<height>416</height>
		<depth>3</depth>
	</size>
	<segmented>0</segmented>
	<object>
		<name>Jadestone</name>
		<pose>Unspecified</pose>
		<truncated>0</truncated>
		<difficult>0</difficult>
		<occluded>0</occluded>
		<bndbox>
			<xmin>253</xmin>
			<xmax>344</xmax>
			<ymin>75</ymin>
			<ymax>177</ymax>
		</bndbox>
	</object>
	<object>
		<name>Yellowstone</name>
		<pose>Unspecified</pose>
		<truncated>0</truncated>
		<difficult>0</difficult>
		<occluded>0</occluded>
		<bndbox>
			<xmin>93</xmin>
			<xmax>196</xmax>
			<ymin>120</ymin>
			<ymax>239</ymax>
		</bndbox>
	</object>
	<object>
		<name>Yellowstone</name>
		<pose>Unspecified</pose>
		<truncated>0</truncated>
		<difficult>0</difficult>
		<occluded>0</occluded>
		<bndbox>
			<xmin>155</xmin>
			<xmax>250</xmax>
			<ymin>161</ymin>
			<ymax>272</ymax>
		</bndbox>
	</object>
	<object>
		<name>Yellowstone</name>
		<pose>Unspecified</pose>
		<truncated>0</truncated>
		<difficult>0</difficult>
		<occluded>0</occluded>
		<bndbox>
			<xmin>42</xmin>
			<xmax>141</xmax>
			<ymin>109</ymin>
			<ymax>222</ymax>
		</bndbox>
	</object>
	<object>
		<name>Yellowstone</name>
		<pose>Unspecified</pose>
		<truncated>0</truncated>
		<difficult>0</difficult>
		<occluded>0</occluded>
		<bndbox>
			<xmin>1</xmin>
			<xmax>95</xmax>
			<ymin>197</ymin>
			<ymax>317</ymax>
		</bndbox>
	</object>
	<object>
		<name>Yellowstone</name>
		<pose>Unspecified</pose>
		<truncated>0</truncated>
		<difficult>0</difficult>
		<occluded>0</occluded>
		<bndbox>
			<xmin>36</xmin>
			<xmax>163</xmax>
			<ymin>246</ymin>
			<ymax>383</ymax>
		</bndbox>
	</object>
	<object>
		<name>Jadestone</name>
		<pose>Unspecified</pose>
		<truncated>0</truncated>
		<difficult>0</difficult>
		<occluded>0</occluded>
		<bndbox>
			<xmin>321</xmin>
			<xmax>405</xmax>
			<ymin>74</ymin>
			<ymax>168</ymax>
		</bndbox>
	</object>
</annotation>
