<annotation>
	<folder></folder>
	<filename>KakaoTalk_20220617_200928350_mp4-36_jpg.rf.a50fbdc9f5547a4bea9ba26709646375.jpg</filename>
	<path>KakaoTalk_20220617_200928350_mp4-36_jpg.rf.a50fbdc9f5547a4bea9ba26709646375.jpg</path>
	<source>
		<database>roboflow.ai</database>
	</source>
	<size>
		<width>416</width>
		<height>416</height>
		<depth>3</depth>
	</size>
	<segmented>0</segmented>
	<object>
		<name>Bluestone</name>
		<pose>Unspecified</pose>
		<truncated>0</truncated>
		<difficult>0</difficult>
		<occluded>0</occluded>
		<bndbox>
			<xmin>207</xmin>
			<xmax>307</xmax>
			<ymin>395</ymin>
			<ymax>416</ymax>
		</bndbox>
	</object>
</annotation>
