<annotation>
	<folder></folder>
	<filename>KakaoTalk_20220617_200928350_mp4-36_jpg.rf.7a75cc868749c662a8c4b8763f98f0d1.jpg</filename>
	<path>KakaoTalk_20220617_200928350_mp4-36_jpg.rf.7a75cc868749c662a8c4b8763f98f0d1.jpg</path>
	<source>
		<database>roboflow.ai</database>
	</source>
	<size>
		<width>416</width>
		<height>416</height>
		<depth>3</depth>
	</size>
	<segmented>0</segmented>
	<object>
		<name>Bluestone</name>
		<pose>Unspecified</pose>
		<truncated>0</truncated>
		<difficult>0</difficult>
		<occluded>0</occluded>
		<bndbox>
			<xmin>87</xmin>
			<xmax>179</xmax>
			<ymin>390</ymin>
			<ymax>416</ymax>
		</bndbox>
	</object>
</annotation>
